paper_id;Title;Keywords;Abstract;year;Session;
1;Writer identification for historical handwritten documents using a single feature extraction method;Writer identification, historical documents, artificial intelligence, sift descriptors;With the growth of artificial intelligence techniques the problem of writer identification from historical documents has gained increased interest. It consists on knowing the identity of writers of these documents. This paper introduces our baseline system for writer identification, tested on a large dataset of latin historical manuscripts used in the ICDAR 2019 competition. The proposed system yielded the best results using Scale Invariant Feature Transform (SIFT) as a single feature extraction method, without any preprocessing stage. The system was compared against four teams who participated in the competition with different feature extraction methods: SRS-LBP, SIFT, Pathlet, Hinge, Co-Hinge, QuadHinge, Quill, TCC and oBIFs. An unsupervised learning system was implemented, where a deep Convolutional Neural Network (CNN) was trained using patches extracted from SIFT descriptors. Then the results were encoded using a multi - Vector of Locally Aggregated Descriptors (VLAD) and applied an Exemplar Support Vector Machine (E-SVM) at the end to compare the results. Our system achieved best performance using a single feature extraction method with 91.2% mean Average Precision (mAP) and 97.0% accuracy.;2020;Graphical models and Feature Selection and Extraction (o7);
2;Extending SpArSe: Automatic Gesture Recognition Architectures for Embedded Devices;Neural nets, Real-time and embedded systems, Face and gesture recognition, Parameter learning, Wearable AI, Classifier design and evaluation;Neural Architecture Search (NAS), which allows for automatically developing neural networks, has been mostly devoted to performance on a single metric, usually accuracy. New approaches have added more objectives, such as model size, in order to find networks suitable for resource-constrained platforms. SpArSe [1] is a multi-objective Bayesian optimization framework for automatically developing image classification convolutional neural networks (CNNs) for micro-controller units (MCUs). In this work, we first implement SpArSe and modify it to reduce search time, obtaining similar results regarding accuracy, model size, and maximum working memory but in less optimization time. Moreover, we extend the search space to include recurrent neural networks (RNNs) and add an inference latency objective for time-constrained tasks. Finally, we test our implementation in a gesture recognition task obtaining better results than previous manually tuned approaches for size and performance metrics, which validates the approach and its utility.;2020;Graphical models and Feature Selection and Extraction (o7);
3;Multi-Class 3D Object Detection Within Volumetric 3D Computed Tomography Baggage Security Screening Imagery;3D volumetric data, deep convolutional neural network, X-ray computed tomography, baggage data, multi-class 3D object detection;Automatic detection of prohibited objects within passenger baggage is important for aviation security. X-ray Computed Tomography (CT) based 3D imaging is widely used in airports for aviation security screening whilst prior work on automatic prohibited item detection focus primarily on 2D X-ray imagery. Whilst some prior work has proven the possibility of extending deep convolutional neural networks (CNN) based automatic prohibited item detection from 2D X-ray imagery to volumetric 3D CT baggage security screening imagery, it focuses on the detection of one specific type of objects (e.g., either bottles or handguns). As a result, multiple models are needed if more than one type of prohibited item is required to be detected in practice. In this paper, we consider the detection of multiple object categories of interest using one unified framework. To this end, we formulate a more challenging multi-class 3D object detection problem within 3D CT imagery and propose a viable solution (3D RetinaNet) to tackle this problem. To enhance the performance of detection we investigate a variety of strategies including data augmentation and varying backbone networks. Experimentation carried out to provide both quantitative and qualitative evaluations of the proposed approach to multi-class 3D object detection within 3D CT baggage security screening imagery. Experimental results demonstrate the combination of the 3D RetinaNet and a series of favorable strategies can achieve a mean Average Precision (mAP) of 65.3% over five object classes (i.e. bottles, handguns, binoculars, glock frames, iPods). The overall performance is affected by the poor performance on glock frames and iPods due to the lack of data and their resemblance with the baggage clutter.;2020;Graphical models and Feature Selection and Extraction (o7);
4;Learning to Solve Combinatorial Optimization Problems on Real-World Graphs in Linear Time;Combinatorial optimization, Traveling salesman problem, Graph neural networks;Combinatorial optimization algorithms for graph problems are usually designed afresh for each new problem with careful attention by an expert to the problem structure. In this work, we develop a new framework to solve any combinatorial optimization problem over graphs that can be formulated as a single player game defined by states, actions, and rewards, including minimum spanning tree, shortest paths, traveling salesman problem, and vehicle routing problem, without expert knowledge. Our method trains a graph neural network using reinforcement learning on an unlabeled training set of graphs. The trained network then outputs approximate solutions to new graph instances in linear running time. In contrast, previous approximation algorithms or heuristics tailored to NP-hard problems on graphs generally have at least quadratic running time. We demonstrate the applicability of our approach on both polynomial and NP-hard problems with optimality gaps close to 1, and show that our method is able to generalize well: (i) from training on small graphs to testing on large graphs;2020;Graphical models and Feature Selection and Extraction (o7);
5;Knowledge Graph Extraction from Videos;Knowledge Graph, Deep Learning, Video Understanding;Nearly all existing techniques for automated video annotation (or captioning) describe videos using natural language sentences. However, this has several shortcomings: (i) it is very hard to then further use the generated natural language annotations in automated data processing, (ii) generating natural language annotations requires solving the hard subtask of generating semantically precise and syntactically correct natural language sentences, which is actually unrelated to the task of video annotation, (iii) it is difficult to quantitatively measure performance, as standard metrics (e.g., accuracy and F1-score) are inapplicable, and (iv) annotations are language-specific. In this paper, we propose the new task of knowledge graph extraction from videos, i.e., producing a description in the form of a knowledge graph of the contents of a given video. Since no datasets exist for this task, we also include a method to automatically generate them, starting from datasets where videos are annotated with natural language. We then describe an initial deep-learning model for knowledge graph extraction from videos, and report results on MSVD* and MSR-VTT*, two datasets obtained from MSVD and MSR-VTT using our method.;2020;Graphical models and Feature Selection and Extraction (o7);
6;Tsallis Entropy Based Labelling;;In the field of supervised classification, the quality of training data is an essential aspect of accurate learning, along with the selection of a learning algorithm or parameters optimisation. To improve the quality of training data, it is necessary to reflect an annotator's idea on to which class any given instance belongs in the form of a label as flexibly and accurately as possible. However, in conventional problem settings used in machine learning, the number of labels per instance is uniformly fixed at a certain value, and it is implicitly assumed that annotators provide labels under such a constraint. Thus, in this study, we propose an annotation framework;2020;Computer Vision (m6);
7;Learning with Unpaired Data;;Summary form only given, as follows. The complete presentation was not made available for publication as part of the conference proceedings. Many learning tasks can be summarized as learning a mapping from a structured input to a structured output, such as machine translation, image captioning, and image dehazing. Such mappings are usually learned on paired training data, where an input sample and its corresponding output are both provided. Collecting paired training data often involves expensive human annotation, and the scale of paired training data is therefore often limited. As a result, the generalization ability of models trained on paired data is also limited. One way to mitigate this issue is learning with unpaired data, which is far less expensive to collect. Taking machine translation as an example, the unpaired training data can be collected separately from newspapers in the source language and target language without any annotation. The challenge of unpaired learning turns into how to align the unpaired data. With carefully designed objectives, unpaired learning has achieved remarkable progress on several tasks. This talk will cover the data collection and training methods of several unpaired learning tasks to illustrate the power of learning with unpaired data.;2020;Keynote;
8;A Cognitive Architecture for Object Recognition in Video;;Summary form only given, as follows. The complete presentation was not made available for publication as part of the conference proceedings. This talk describes our efforts to abstract from the animal visual system the computational principles to explain images in video. We develop a hierarchical, distributed architecture of dynamical systems that self-organizes to explain the input imagery using an empirical Bayes criterion with sparseness constraints and dual state estimation. The interpretation of the images is mediated through causes that flow top down and change the priors for the bottom up processing. We will present preliminary results in several data sets.;2020;Keynote;
9;Online Gaussian LDA for Unsupervised Pattern Mining from Utility Usage Data;Unsupervised non-intrusive load monitoring, pattern recognition, Bayesian hierarchical mixture model, online Gaussian LDA;Non-intrusive load monitoring (NILM) aims at separating a whole-home energy signal into its appliance components. Such method can be harnessed to provide various services to better manage and control energy consumption (optimal planning and saving). NILM has been traditionally approached from signal processing and electrical engineering perspectives. Recently, machine learning has started to play an important role in NILM. While most work has focused on supervised algorithms, unsupervised approaches can be more interesting and of practical use in real case scenarios. Specifically, they do not require labelled training data to be acquired from individual appliances and the algorithm can be deployed to operate on the measured aggregate data directly. In this paper, we propose a fully unsupervised NILM framework based on Bayesian hierarchical mixture models. In particular, we develop a new method based on Gaussian Latent Dirichlet Allocation (GLDA) in order to extract global components that summarise the energy signal. These components provide a representation of the consumption patterns. Designed to cope with big data, our algorithm, unlike existing NILM ones, does not focus on appliance recognition. To handle this massive data, GLDA works online. Another novelty of this work compared to the existing NILM is that the data involves different utilities (e.g, electricity, water and gas) as well as some sensors measurements. Finally, we propose different evaluation methods to analyse the results which show that our algorithm finds useful patterns.;2020;Computer Vision (m6);
10;Evaluating Mixed-Precision Arithmetic for 3D Generative Adversarial Networks to Simulate High Energy Physics Detectors;Reduced Precision, Brain Float 16 (BF16), Mixed Precision (MP), 3DGAN, Binary Analysis Tool, High Energy Physics, Generative Adversarial Networks;Several hardware companies are proposing native Brain Float 16-bit (BF16) support for neural network training. The usage of Mixed Precision (MP) arithmetic with floating-point 32-bit (FP32) and 16-bit half-precision aims at improving memory and floating-point operations throughput, allowing faster training of bigger models. This paper proposes a binary analysis tool enabling the emulation of lower precision numerical formats in Neural Network implementation without the need for hardware support. This tool is used to analyze BF16 usage in the training phase of a 3D Generative Adversarial Network (3DGAN) simulating High Energy Physics detectors. The binary tool allows us to confirm that BF16 can provide results with similar accuracy as the full-precision 3DGAN version and the costly reference numerical simulation using double precision arithmetic.;2020;Computer Vision (m6);
11;Single Camera Masked Face Identification;Covid-19, face detection, face recognition, YOLOv3, RetinaFace, VGGFace2;In light of the novel Covid-19 pandemic, wearing masks has been declared mandatory in several institutions and public places for its widespread prevention and public health safety. Under given circumstances, person identification for security purposes including smart-phones face unlock has been a challenging task since the previous practices including both the human authentication by a person as well as by face recognition systems have heavily relied on complete facial features. However, the emergence of large datasets of masked images led to the rapid development of occluded face detection techniques. This paper focuses on single camera masked face detection and identification via the following two approaches: (i) single-step pre-trained YOLO-face/trained YOLOv3 model on the set of known individuals;2020;Computer Vision (m6);
12;Public Dataset of Parking Lot Videos for Computational Vision Applied to Surveillance;Dataset creation, surveillance, object detection, computational vision, smart cities, YOLO, deep learning;In this work, we propose a new dataset, the UFPArk, which consists of a selection of video clips based on a surveillance camera’s footage throughout a day. The aforementioned dataset is relevant to areas such as computer vision-based object detection, human behavior detection and Internet of Things (IoT) applications, which gained momentum with recent Deep Learning (DL) breakthroughs. To validate our dataset, we conduct some experiments that illustrate the relevance of this effort and its applicability in academic and commercial environments.;2020;Computer Vision (m6);
13;Low-Rank Sparse Tensor Approximations for Large High-Resolution Videos;Tensor decomposition, CP decomposition, PCA;Tensor decomposition techniques are becoming increasingly important in processing videos with large sizes and dimensions. Under the framework of CANDECOMP/PARAFAC decomposition (CPD), this work studies low-rank sparse tensor approximations (LRSTAs) to higher-order tensors. Both theoretical and practical properties are evaluated for LRSTAs to represent large high-resolution videos. The evaluation brings three major contributions of this work. Firstly, the theoretical connection between CPD for high-order tensors and traditional singular value decomposition (SVD) for matrices are established, and the tensor rank for traditional SVD is defined. This provides a theoretical basis to compare tensor-based approach against matrix-based approach under the framework of tensor decompositions. Secondly, the non-orthogonality of CPD and its implications are revealed. The solution set of an LRSTA can only be used as a whole. Thirdly, a computationally efficient algorithm is developed. Its practical properties are also investigated in object detection and recognition in high-resolution videos. The results of the experiments showed that the proposed algorithm can handle large high-resolution videos very efficiently in terms of memory allocation. Results also revealed that commonly used total variations may not be a good evaluation metric for real world applications in computer vision. LRSTAs should be evaluated using the end goal of the applications, such as the accuracy of object detection and recognition.;2020;Computer Vision (m6);
14;MaskedFusion: Mask-based 6D Object Pose Estimation;;MaskedFusion is a framework to estimate the 6D pose of objects using RGB-D data, with an architecture that leverages multiple sub-tasks in a pipeline to achieve accurate 6D poses. 6D pose estimation is an open challenge due to complex world objects and many possible problems when capturing data from the real world, e.g., occlusions, truncations, and noise in the data. Achieving accurate 6D poses will improve results in other open problems like robot grasping or positioning objects in augmented reality. MaskedFusion improves the state-of-the-art by using object masks to eliminate non-relevant data. With the inclusion of the masks on the neural network that estimates the 6D pose of an object we also have features that represent the object shape. MaskedFusion is a modular pipeline where each sub-task can have different methods that achieve the objective. MaskedFusion achieved 97.3% on average using the ADD metric on the LineMOD dataset and 93.3% using the ADD-S AUC metric on YCB-Video Dataset, which is an improvement, compared to the state-of-the-art methods.;2020;Computer Vision (m6);
15;Neural Architecture Search for Automotive Grid Fusion Networks Under Embedded Hardware Constraints;neural architecture search, sensor fusion, convolutional neural network;The goal of automotive sensor fusion is to generate an environmental model with low-cost, mass-produced sensors-typically camera and radar. The central fusion controller needs sophisticated post-processing algorithms to achieve this goal despite extensive pre-processing on the sensor side. Recent advances show the capabilities of deep convolutional auto-encoders for sensor fusion but are still limited to high-performance hardware. Limited memory and processing capabilities of embedded devices lead to the multi-objective optimization problem addressed in this work. The proposed evolutionary neural architecture search is configured to find novel sensor fusion network architectures optimized for embedded hardware. The discovered encoding and decoding cells improve fusion performance compared to that of corresponding cells from literature. These lightweight network architectures allow the deployment on constrained embedded devices, thus leverage environmental perception of level 2/2+ automated cars.;2020;Applications of Neural Network (e14);
16;Harmonic Structure-Based Neural Network Model for Music Pitch Detection;deep learning, music pitch detection, sparse convolution;Pitched music notes are characterized by a harmonic structure. That is, the waveform of each note is composed of a number of sinusoids with different frequencies. Among these frequencies, the lowest is called the pitch or the fundamental frequency of the note, and all the others are integer multiples of the pitch and referred to as the harmonics of the note. In this paper we propose a neural network model for pitch detection that detects the active pitches present in a music recording. The model first uses conventional convolution whose receptive field is continuous to capture local frequency patterns in the spectrogram of the recording, and then uses sparse convolution with discontinuous receptive field to capture global harmonic frequency patterns. When the MAPS dataset is used both for training and for test, the model outperforms all existing models by large margins. When the MAESTRO dataset is used for training and the MAPS dataset is used for test, the model achieves the state-of-the-art performance as well.;2020;Applications of Neural Network (e14);
17;From Quantitative Analysis to Synthesis of Efficient Binary Neural Networks;Convolutional Neural Networks, Binary Neural Networks, Quantization, Energy Efficiency;Binary Neural Networks (BNNs) offer an effective way to slash the cost of computation and memory accesses in inference. Recently, a plurality of ideas has been proposed, some of which are complementary while others are incompatible. This work presents a thorough review of state-of-the-art methods and an analysis of their computational cost based on the energy consumption of fixed-point, ternary and binary MAC vector operations. We derive an approach on how to systematically design a cost-efficient BNN. Our quantized LeNet and VGGNet architectures highlight the benefit of prudent capacity augmentation, with layer-wise ternarization providing best improvement of accuracy over μJ/dassificatíon in BNNs;2020;Applications of Neural Network (e14);
18;Analysis of Generalizability of Deep Neural Networks Based on the Complexity of Decision Boundary;complexity of decision boundary, generalization ability, deep neural networks, network generalizability, adversarial examples;For supervised learning models, the analysis of generalization ability (generalizability) is vital because the generalizability expresses how well a model will perform on new data. Traditional generalization measures, such as the VC dimension, do not apply to deep neural network (DNN) models. Thus, new theories to explain the generalizability of DNNs are required. In this study, we hypothesize that the DNN with a simpler decision boundary has better generalizability by the law of parsimony (Occam's Razor). We create the decision boundary complexity (DBC) score to define and measure the complexity of decision boundary of DNNs. The idea of the DBC score is to generate data points (called adversarial examples) on or near the decision boundary. Our new approach then measures the complexity of the boundary using the entropy of the eigenvalues of those data. The method works equally well for high-dimensional data. We use training data and the trained model to compute the DBC score. And, the ground truth for a model's generalizability is its test accuracy. Experiments based on the DBC score have verified our hypothesis. The DBC is shown to provide an effective method to measure the complexity of a decision boundary and gives a quantitative measure of the generalizability of DNNs.;2020;Applications of Neural Network (e14);
19;Neural Data Augmentation Techniques for Time Series Data and its Benefits;time series classification, adversarial training, gradient based adversarial attacks;Exploring adversarial attacks and studying their effects on machine learning algorithms has been of interest to researchers. Deep neural networks working with time series data have received lesser interest compared to their image counterparts in this context. In a recent finding, it has been revealed that current state-of-the-art deep learning time series classifiers are vulnerable to adversarial attacks. In this paper, we introduce neural data augmentation techniques and show that classifier trained with such augmented data obtains state-of-the-art classification accuracy as well as adversarial accuracy against Fast Gradient Sign Method (FGSM) and Basic Iterative Method (BIM) on various time series benchmarks.;2020;Applications of Neural Network (e14);
20;Verifying Artificial Neural Network Classifier Performance Using Dataset Dissimilarity Measures;Machine Learning, Verification and Validation, Autonomous Systems, Dataset Dissimilarity, Domain Drift;The specification and verification of algorithms is vital for safety-critical autonomous systems which incorporate deep learning elements. In this paper, we introduce a novel measure for quantifying the dissimilarity between the datasets used for training ANN-based image classification algorithms, and the test datasets used for verifying and evaluating classifier performance. The novel dissimilarity measure is defined in terms of each neuron's distribution of output values during training. This measure and its related variants, allow performance metrics, such as accuracy, to be placed into context by characterizing the test datasets employed for classifier evaluation. A system-level requirement could specify the permitted form of the functional relationship between classifier performance and the dissimilarity measures - placing demands on the classifier's capability to generalize to data progressively more distant from the training dataset;2020;Applications of Neural Network (e14);
21;Deep neural network for load forecasting centred on architecture evolution;Neural architecture search, deep neural networks, evolutionary algorithms, short-term load forecasting, residential load forecasting;Nowadays, electricity demand forecasting is critical for electric utility companies. Accurate residential load forecasting plays an essential role as an individual component for integrated areas such as neighborhood load consumption. Short-term load forecasting can help electric utility companies reduce waste because electric power is expensive to store. This paper proposes a novel method to evolve deep neural networks for time series forecasting applied to residential load forecasting. The approach centres its efforts on the neural network architecture during the evolution. Then, the model weights are adjusted using an evolutionary optimization technique to tune the model performance automatically. Experimental results on a large dataset containing hourly load consumption of a residence in London, Ontario shows that the performance of unadjusted weights architecture is comparable to other state-of-the-art approaches. Furthermore, when the architecture weights are adjusted the model accuracy surpassed the state-of-the-art method called LSTM one shot by 3.0%.;2020;Applications of Neural Network (e14);
22;Finite Difference Neural Networks: Fast Prediction of Partial Differential Equations;Finite difference neural networks, Partial differential equations, Hessian-free trust region method;Discovering the underlying behavior of complex systems is an important topic in many science and engineering disciplines. In this paper, we propose a novel neural network framework, finite difference neural networks (FD-Net), to learn partial differential equations from data. Specifically, our proposed finite difference inspired network is designed to learn the underlying governing partial differential equations from trajectory data, and to iteratively estimate the future dynamical behavior using only a few trainable parameters. We illustrate the performance (predictive power) of our framework on the heat equation, with and without noise and/or forcing, and compare our results to the Forward Euler method. Moreover, we show the advantages of using a Hessian-Free Trust Region method to train the network.;2020;Applications of Neural Network (e14);
23;Efficient and Compact Convolutional Neural Network Architectures for Non-temporal Real-time Fire Detection;fire detection, real-time, non-temporal, reduced complexity, convolutional neural network, superpixel localisation;Automatic visual fire detection is used to complement traditional fire detection sensor systems (smoke/heat). In this work, we investigate different Convolutional Neural Network (CNN) architectures and their variants for the non-temporal real-time bounds detection of fire pixel regions in video (or still) imagery. Two reduced complexity compact CNN architectures (NasNet-A-OnFire and ShuffleNetV2-OnFire) are proposed through experimental analysis to optimise the computational efficiency for this task. The results improve upon the current state-of-the-art solution for fire detection, achieving an accuracy of 95% for full-frame binary classification and 97% for superpixel localisation. We notably achieve a classification speed up by a factor of 2.3× for binary classification and 1.3× for superpixel localisation, with runtime of 40 fps and 18 fps respectively, outperforming prior work in the field presenting an efficient, robust and real-time solution for fire region detection. Subsequent implementation on low-powered devices (Nvidia Xavier-NX, achieving 49 fps for full-frame classification via ShuffleNetV2-OnFire) demonstrates our architectures are suitable for various real-world deployment applications.;2020;Applications of Neural Network (e14);
24;LB-CNN: Convolutional Neural Network with Latent Binarization for Large Scale Multi-class Classification;Binarization, Multi-class classification, Convolutional neural networks, Error correcting output codes, latent;Convolutional Neural Networks (CNNs) demonstrate state of the art performance in large scale multi-class image classification tasks. CNNs consist of convolution layers that progressively construct features and a classification layer. Typically, a softmax function is used in the classification layer to learn joint probabilities for the classes, which are subsequently used for class prediction. We refer to such an approach as the joint approach to multi-class classification. There exists another approach in the literature which determines the multi-class prediction outcome through a sequence of binary decisions, and is christened the class binarization approach. A popular type of class binarization is Error Correcting Output Codes (ECOC). In this paper, we propose to incorporate ECOC into CNNs by inserting a latent-binarization layer in a CNN's classification layer. This approach encapsulates both encoding and decoding steps of ECOC into a single CNN capable of discovering an optimal coding matrix during training. The latent-binarization layer is motivated by the family of latent-trait and latent-class models used in behavioral research. We call the proposed CNNs with Latent Binarization as LB-CNNs, and develop algorithms combining EM and back-propagation to train LB-CNNs. The proposed models and algorithms are applied to several image recognition tasks, producing excellent results. Furthermore, LB-CNNs can also enhance the interpretability of the decision process of CNNs.;2020;Applications of Neural Network (e14);
25;NGM: Neural Gaussian Mirror for Controlled Feature Selection in Neural Networks;Deep neural networks, false discovery rate control, kernel methods, interpretability;Deep neural networks (DNNs) have become increasingly popular and achieved outstanding performance in predictive tasks. However, the DNN framework itself cannot inform the user which features are more or less relevant for making the prediction, which limits its applicability in many scientific fields. We introduce neural Gaussian mirrors (NGMs), in which mirrored features are created, via a structured perturbation based on a kernel-based conditional dependence measure, to help evaluate feature importance. We design two modifications of the DNN architecture for incorporating mirrored features and providing mirror statistics to measure feature importance. As shown in simulated and real data examples, the proposed method controls the feature selection error rate at a predefined level and maintains a high selection power even with the presence of highly correlated features.;2020;Applications of Neural Network (e14);
26;Adaptive Algorithm for Estimation of Model of Neural Activity in Brain-Computer Interfaces;brain-computer interfaces, neurofeedback, autoregressive processes, adaptation models, robot control;In this paper, a method for forming the neuro-feedback (NFB) signal is suggested. The implementation of the method is based on the design of an adaptive model of subjects' neural activity in the form of a vector autoregression (VAR) model for capturing the spatio-temporal dynamics of an electroencephalogram (EEG). The adaptive model parameter adjustment algorithm is iterative and is designed using gradient methods for solving goal inequalities. At each stage of training, the control signal is first calculated. Then, based on the control signal, the model coefficients are modified. With the improvement of the EEG recording in the sense of its proximity to the desired one, the coefficients of the EEG model are recalculated. The proposed scheme has physiological analogues and is not directly related to the EEG model used in calculating the control effect. The proposed algorithm has advantages over other known algorithms because of its adaptability to each specific subject.;2020;Applications of Neural Network (e14);
27;Applying Gradient Boosting Trees and Stochastic Leaf Evaluation to MCTS on Hearthstone;Monte Carlo Tree Search, Gradient Boosting Trees, Hearthstone, Metastone, Stochastic Leaf Evaluation;Collectible card games are an interesting testing ground for artificial intelligence algorithms, mainly because of their stochasticity and high branching factor. In this work, the performance of a monte carlo tree search-based agent, enhanced with a gradient boosting tree classifier on the simulation phase, is investigated on Hearthstone. Furthermore, the impact of the combination of random simulations and the classifier's predictions is studied, as well as its correlation with the action space and the tree's depth. The aforementioned approach has been implemented in the Metastone framework and has been tested against the vanilla approach and the state-of-the-art algorithm, both provided by the framework itself. Over a set of evaluation games, it is demonstrated that the examined methodology significantly outperforms the vanilla-MCTS and is even matched with the heuristic-driven minimax algorithm.;2020;Clustering Methods with Applications (k9);
28;Discovering Gene-Disease Associations with Biomedical Word Embeddings;Machine Learning, Natural Language Processing, Biomedical Informatics, Drug Discovery;Finding the right target for a disease is critical in the drug development process. This paper presents a machine learning approach for predicting gene-disease associations that (i) employs biomedical word embeddings as features for a classifier trained on Open Targets Platform (OTP) data that (ii) generalises beyond a specific disease or gene class. We train, evaluate and compare different word embedding models and classifiers for the task at hand. We validate the approach by training on a past OTP release and show that it can assist in identifying probable positive associations among current low evidence associations, confirmed by a recent OTP release. Furthermore, we train word embedding models on different time slices of biomedical articles from ScienceDirect and demonstrate that the trained classifier predicts associations that have not explicitly been mentioned in the training corpus, 5 years into the future.;2020;Clustering Methods with Applications (k9);
29;Online Cluster Drift Detection for Novelty Detection in Data Streams;Concept drift, Novelty detection, Streaming data;A major challenge in data stream applications is the change in the target variable over time in unexpected ways, a phenomenon called concept drift (CD). Another challenge is the emergence of novel classes, soliciting novelty detection (ND) by, e.g., one-class or semi-supervised classification. But, in online ND, these two challenges interfere with each other although they should be dealt with jointly. We present the cluster drift detection (CDD) algorithm that, using a single hyper-parameter, performs offline clustering to learn the diverse normal profile, and detects online whether a never-seen-before example is novel or normal using a multivariate statistical test. If it is normal, the CDD uses this example to update the normal-profile cluster, enabling continuous CD monitoring. Experimental results using popular real-world and synthetic data sets, as well as a precision agriculture data set of banana plants under water stress and a COVID-19 data set demonstrate that the CDD algorithm: 1) distinguishes between normal and novel concepts more accurately than state-of-the-art algorithms, 2) provides information about why specific novel concepts are misdetected, and 3) is more robust to the complexity, drift, and noise in the problem than other algorithms.;2020;Clustering Methods with Applications (k9);
30;A clustering-based biased Monte Carlo approach to protein titration curve prediction;Markov Chain Monte Carlo (MCMC), Ensemble Averages, Energy Minimization, Discrete Optimization, Protein Titration;In this work, we developed an efficient approach to compute ensemble averages in systems with pairwise-additive energetic interactions between the entities. Methods involving full enumeration of the configuration space result in exponential complexity. Sampling methods such as Markov Chain Monte Carlo (MCMC) algorithms have been proposed to tackle the exponential complexity of these problems;2020;Clustering Methods with Applications (k9);
31;GCN with Clustering Coefficients and Attention Module;Graph, Graph Convolution Network, Attention module, Clustering Coefficient;Graph convolutional networks (GCN) exploit graph connectivity through their adjacency matrix. However, the assignment of equal importance to every one-hop neighbor and incognizance of intra-neighbor connectivity restricts its performance. Graph attention networks (GAT) address the problem of treating all neighbors equally by employing a self-attention mechanism, which encodes the node of interest using the weighted features of its one-hop neighbors. This imparts appropriate similarity based weight between connected nodes. The learning of weights of nodes takes into consideration the intra-neighbor connectivity between nodes common to a neighborhood. However, this ignores the nature of neighborhood of the node of interest. In this work, we propose to encode the nature of the neighborhood of a node onto itself by appropriately weighing the node's self-loop. The local clustering coefficient of a graph explores to what extent which nodes in a graph tend to bunch together. A vertex with a low clustering coefficient and a large degree shows connectivity between different classes. Similarly, a vertex with a high clustering coefficient and low degree represents tightly coupled similar vertices belonging to the same class. Thus, the node self-loop is initially weighed with the local clustering coefficient. Experiment results on the benchmark graph dataset, including Cora, Citeseer, and Pubmed, shows that even with sparse two layers, the local clustering coefficient based self-loop outperforms the baseline GCN by ≈ 3%. The Ablation study and learning curve prove that the proposed model remains stable and learns the optimal feature representation in comparatively less number of epochs.;2020;Clustering Methods with Applications (k9);
32;Anomaly Detection in Unsupervised Surveillance Setting Using Ensemble of Multimodal Data with Adversarial Defense;Unsupervised anomaly detection, AngleNet, Adversarial attack, IMU, Drone image, Auto-encoder;Autonomous aerial surveillance using drone feed is an interesting and challenging research domain. Along with surveillance, an autonomous device should be capable of detecting device malfunction or abnormality in real time. However, the inherent uncertainty embedded within the type and level of abnormality makes supervised techniques unsuitable since the adversary may present a unique anomaly for intrusion. To counter this, in this paper, we propose an unsupervised ensemble anomaly detection system to detect device anomaly of an unmanned drone analyzing multimodal data like images and IMU (Inertial Measurement Unit) sensor data synergistically. We have proposed AngleNet and used autoencoder to analyze image and IMU data, respectively and later ensembled the two pipelines for predicting degree of abnormality of the device. Furthermore, we have applied adversarial attack to test the robustness of the proposed approach and integrated defense mechanism. The proposed method performs satisfactorily on the IEEE SP Cup-2020 dataset with an accuracy of 97.8%.;2020;Clustering Methods with Applications (k9);
33;RAM-Net: A Residual Attention MobileNet to Detect COVID-19 Cases from Chest X-Ray Images;Dilated Depthwise Separable Convolution, Residual Blocks, Attention Augmented Convolution, MobileNet, COVID-19, Medical Image Analysis, CXR, Grad-CAM;In the last century, we have passed two severe pandemics;2020;Clustering Methods with Applications (k9);
34;Regression Ensembles for Fast Design Space Exploration of Heterogeneous Hardware Designs;regression models, hardware design, reconfigurable accelerators;In architectural design of embedded systems, machine learning (ML) has become a promising solution to provide robustness to the design space exploration (DSE) of large hardware designs. However, given the large diversity of embedded applications, a main challenge in the design of a high-accuracy predictor is to select one ML algorithm to encompass a wide range of applications. In this context, regression ensemble is a promising solution since it can use multiple models and combine their predictions. In this work we employ the use of ensemble methods to predict performance when running different applications in different heterogeneous designs composed of a general purpose processor (GPPs) and a reconfigurable accelerator (RA). In our investigation, we evaluate three ensemble methods, Random Forest, AdaBoosting and Gradient Boosting. So, we compare them to the most used regression algorithms found in literature to perform DSE of computer architectures. Results show an error prediction rate below 2% on average when using ensemble methods and a throughput of more than 5,000 predictions per second when using Gradient Boosting.;2020;Clustering Methods with Applications (k9);
35;Falsification-Based Robust Adversarial Reinforcement Learning;Reinforcement learning, adversarial learning, formal methods, autonomous driving, safety falsification;Reinforcement learning (RL) has achieved enormous progress in solving various sequential decision-making problems, such as control tasks in robotics. Since policies are overfitted to training environments, RL methods have often failed to be generalized to safety-critical test scenarios. Robust adversarial RL (RARL) was previously proposed to train an adversarial network that applies disturbances to a system, which improves the robustness in test scenarios. However, an issue of neural network-based adversaries is that integrating system requirements without handcrafting sophisticated reward signals are difficult. Safety falsification methods allow one to find a set of initial conditions and an input sequence, such that the system violates a given property formulated in temporal logic. In this paper, we propose falsification-based RARL (FRARL): this is the first generic framework for integrating temporal logic falsification in adversarial learning to improve policy robustness. By applying our falsification method, we do not need to construct an extra reward function for the adversary. Moreover, we evaluate our approach on a braking assistance system and an adaptive cruise control system of autonomous vehicles. Our experimental results demonstrate that policies trained with a falsification-based adversary generalize better and show less violation of the safety specification in test scenarios than those trained without an adversary or with an adversarial network.;2020;Optimization and Advanced Learning Methods (l8);
36;Modeling Agent Behaviors for Policy Analysis via Reinforcement Learning;Multi-agent learning, reinforcement learning, policy optimization, actor-critic models, agent-based models;Agent-based Models (ABMs) are valuable tools for policy analysis. ABMs help analysts explore the emergent consequences of regulatory and policy interventions in multi-agent decision-making settings. But the validity of inferences drawn from ABM explorations depends on the quality of the ABM agents' behavioral models. Prior approaches for specifying behaviors have limitations. This paper examines the value of reinforcement learning (RL) models as adaptive, high-performing, and behaviorally-valid models of agent decision-making in ABMs. We discuss the value of RL for modeling agents' utility-maximizing behaviors in policy-relevant ABMs. We address the problem of adapting RL algorithms to handle multi-agency in games by adapting and extending methods from recent literature. We evaluate examples of such RL-based ABM agents via experiments on two policy-relevant ABMs: a Minority Game ABM, and an ABM of Influenza Transmission. The RL behavioral models can outperform the default adaptive behavioral models. We also run analytic experiments on our RL-equipped ABMs: explorations of the effects of dynamic behavioral heterogeneity in a population, the impact of social network factors on adaptability, and the emergence of synchronization in a community. Our results suggest that the RL formalism can be an efficient abstraction for behavioral models in ABMs.;2020;Optimization and Advanced Learning Methods (l8);
37;SASBO: Self-Adapting Safe Bayesian Optimization;Safety constrains, global optimization, Kriging, Bayesian optimization, hyper-parameter adaption;Optimizing an unknown objective function under uncertainty requires a balance between exploration (learn more about the objective) and exploitation (find the global optimum). Safe optimization aims to guarantee that safety requirements of the next observation to be performed are fulfilled before performing it. Common approaches are based on Gaussian process regression, also known as Kriging, as a surrogate model iteratively estimating the safety and selecting next observations by Bayesian optimization methods. The hyper-parameter setup usually requires a lot of domain-specific knowledge (if no data is available) or prior data to optimize the hyper-parameters. But it is precisely the lack of these two factors that is the main reason when safe optimization becomes interesting: If the system is unknown and random experiments to generate data are not allowed due to restrictions. We present a novel method for safe Bayesian optimization with self-adapting hyper-parameters, which requires only one safe initial observation and easily selectable initial hyper-parameters. By safely self-adapting the parameters, it is possible to find the global optimum with a reliability regarding safety requirements. Thus, the method can be used even with limited domain-specific expertise and covers a wide range of applications with a minimum of customization.;2020;Optimization and Advanced Learning Methods (l8);
38;Reinforcement Learning based Evolutionary Metric Filtering for High Dimensional Problems;Clustering, Distance Metric Learning, Reinforcement Learning, Evolutionary Algorithm, Feature Selection;Metric learning algorithms create distance metrics to capture the important relationships among features. These algorithms have been successful in low dimensional data. However, it is a challenge to handle high dimensional problems in real-world applications. This paper applies in high dimensional clustering problems a Reinforcement Learning (RL) based metric filtering approach in Evolutionary Distance Metric Learning (EDML), which relies on an evolutionary approach to optimize its distance metric. The proposed framework called High Dimensional Reinforced (HDR)-EDML has two novelties. The first is using a function approximation RL method called Least-Squares Policy Iteration (LSPI) to create a feature selection control strategy in high-dimensional input space to filter the metric. The second is adopting a two-way information exchange approach between LSPI and EDML Evolutionary Algorithm (EA) in metric learning. In the first way, LSPI will learn and send feedback that will affect the EDML metric creation. In the second way, the evolutionary feature prioritizing of EDML is utilized by LSPI in its learning process. These two novelties aim to reduce the number of selected features while maintaining the clustering performance. HDR-EDML is compared to conventional K-means, Information-Theoretic Metric Learning (ITML), normal EDML, and EDML with l1 norm regularization for feature selection as baselines. Moreover, 3 different HDR-EDML approaches are examined to explore different ways of information exchange. Results show a significant decrease in the number of features while maintaining accuracy as well as reduced computational time and memory compared to another RL-based filtering method.;2020;Optimization and Advanced Learning Methods (l8);
39;Optimizing CNN using Fast Fourier Transformation for Object Recognition;Object Recognition, CNN, Fast Fourier Transformation, Image Processing;"This paper proposes to use Fast Fourier Transformation-based U-Net (a refined ""fully convolutional networks"") and perform image convolution in neural networks. Leveraging the Fast Fourier Transformation, it reduces the image convolution costs involved in the Convolutional Neural Networks (CNNs) and thus reduces the overall computational costs. The proposed model identifies the object information from the images. We apply the Fast Fourier transform algorithm on an image data set to obtain more accessible information about the image data, before segmenting them through the U-Net architecture. More specifically, we implement the FFT-based convolutional neural network to improve the training time of the network. The proposed approach was applied to publicly available Broad Bioimage Benchmark Collection (BBBC) dataset. Our model demonstrated improvement in training time during convolution from 600 - 700 ms/step to 400-500 ms/step. We evaluated the accuracy of our model using Intersection over Union (IoU) metric showing significant improvements.";2020;Optimization and Advanced Learning Methods (l8);
40;A proposal for online analysis and identification of fraudulent financial transactions;Fraud Detection, Visual Analytics, Financial Frauds;Financial institutions handle with hundreds of thousands of wire transactions per day and need to ensure security and quality for their customers. Searching on predefined patterns is insufficient to identify frauds due to continuous evolution of fraudulent methods used by criminals. Systems used for this purpose are based on the application of some methods of Artificial Intelligence, neglect human process analysis and make little use of Visual Analytics (VA) techniques. Frauds detection domain involves time-oriented and multivariate aspects to identify anomalous transactions making fraud detection a difficult task. We propose the creation of a model for each customer based on his/her behavior, using techniques of identification of outliers and conducting analysis through VA to reduce the false positive rate in the identification of fraudulent financial transactions process. We apply this approach to a real Brazilian financial institution with a daily volume of more than 30 million of financial transactions. Our framework includes a hybrid approach: (1) use of unsupervised outlier detection algorithms;2020;Optimization and Advanced Learning Methods (l8);
41;Bayesian Sampler: Fairness in Sampling;Fairness, Bayesian Modeling, Optimal Policy, Recommender Systems;We reinterpret the concept of Bayesian balance from Yang Liu [26] to find connection between fairness of algorithms and class imbalance in latent clusters of training data. We argue that the degree of class imbalance in the latent clusters of some training data is manifested in the lack of fairness of an algorithm trained on that data. A novel algorithm is proposed in this paper which decides an optimal policy to draw a balanced data sample from clustered raw data with class imbalance. The proposed Bayesian network model trades off accuracy with redefined Bayesian balance to find the optimal policy. We claim that a novel application of this sampling technique would be sampling a fair training set for recommender systems. To illustrate, we present experimental results on two real world recommender systems raw data sets and one synthetic data-set.;2020;Optimization and Advanced Learning Methods (l8);
42;Use of Auxiliary Classifier Generative Adversarial Network in Touchstroke Authentication;Touch dynamics, Behavioral Biometrics, Continuous authentication, GAN, AC-GAN;With the growing popularity of smartphones, continuous and implicit authentication of such devices via behavioral biometrics such as touch dynamics becomes an attractive option, especially when the physical biometrics are challenging to utilize, or their frequent and continuous usage annoys the user. However, touch dynamics is vulnerable to potential security attacks such as shoulder surfing, camera attack, and smudge attack. As a result, it is challenging to rule out genuine imposters while only relying on models that learn from real touchstrokes. In this paper, a touchstroke authentication model based on Auxiliary Classifier Generative Adversarial Network (AC-GAN) is presented. Given a small subset of a legitimate user's touchstrokes data during training, the presented AC-GAN model learns to generate a vast amount of synthetic touchstrokes that closely approximate the real touchstrokes, simulating imposter behavior, and then uses both generated and real touchstrokes in discriminating real user from the imposters. The presented network is trained on the Touchanalytics dataset and the discriminability is evaluated with popular performance metrics and loss functions. The evaluation results suggest that it is possible to achieve comparable authentication accuracies with Equal Error Rate ranging from 2% to 11% even when the generative model is challenged with a vast number of synthetic data that effectively simulates an imposter behavior. The use of AC-GAN also diversifies generated samples and stabilizes training.;2020;Optimization and Advanced Learning Methods (l8);
43;Cell Type Identification from Single-Cell Transcriptomic Data via Gene Embedding;gene embedding, data sparsity, single-cell RNA sequencing, deep learning;Single-cell RNA sequencing (scRNAseq) enables the profiling of the transcriptomes of individual cells, thus characterizing the heterogeneity of biological samples since scRNAseq experiments are able to yield high volumes of data. Analyzing scRNAseq data will be beneficial for obtaining knowledge on cancer drug resistance, gene regulation in embryonic development, and mechanisms of stem cell differentiation and reprogramming. One common goal of scRNAseq data analytics is to identify the cell type of each individual cell that has been profiled. However, data sparsity is the main challenge due to limitations of current single-cell RNA sequencing techniques. In this paper, a novel method of representing the genes as gene embeddings is proposed to reduce data sparsity of scRNAseq data for cell type identification, which is inspired by similarities between gene system and natural language system. It contains two steps: 1) transform gene sequences into gene sentences by ranking genes in terms of their expression values;2020;Bioinformatics (b8);
44;Deep Multiple Instance Learning Ensemble for the Acoustic Detection of Tropical Birds;Deep learning, multiple instance learning, bird acoustic detection, weak labels, limited data;Deep learning algorithms have produced state of the art results for acoustic bird detection and classification. However, thousands of bird vocalizations have to be manually tagged by experts to train most of these algorithms. We use three strategies to reduce this manual work: simpler labels, fewer labels, and less labeled data. The Multiple Instance Learning (MIL) approach provides a framework to simplify and reduce the number of labels, as each recording (bag) is modeled as a collection of smaller audio segments (instances) and is associated with a single label that indicates if at least one bird was present in the recording. In this work, we propose an ensemble of deep neural networks based on the MIL framework to predict the presence or absence of tropical birds in one-minute recordings. As only a relatively small number of training observations (1600) are used to train the algorithm, we compare the performance of the individual networks using log mel-scaled spectrogram and mel-frequency cepstral coefficients. The proposed ensemble of deep MIL networks achieved a 0.98 AUC and 0.92 F1 score performance on the test set, using only a log mel-scaled spectrogram as data representation.;2020;Bioinformatics (b8);
45;Unsupervised ageing detection of mechanical systems on a causality graph;Multivariate time series, relational neural networks, causality graph, health monitoring;Multivariate time series (MTS) have specific features that complicate their analysis: interactions in space and time between the MTS components, variable length, absence of trivial alignment between samples and high dimensionality. Hence, finding a representation of MTS from which we can extract meaningful information is a challenging task. In general, specific assumptions are needed to obtain a valuable representation. In this paper, we assume that a dataset of MTS samples has an underlying causal structure that we can exploit to represent samples. Our contribution is a new representation framework that consists of first finding the overall causality graph in a studied dataset and then mapping each sample onto G to obtain a causality-based representation. Since causality isG an important feature underlying MTS data, we claim and show that representating samples on G is meaningful. We name this method Sequence-to-Graph (Seq2Graph). We apply Seq2Graph on health monitoring tasks, using two MTS datasets coming from ageing mechanical systems.;2020;Bioinformatics (b8);
46;AI-based prediction for early detection of Tuberculosis in India based on environmental factors;Air quality, Climate change, Geospatial visualizations, Supervised models, Tuberculosis incidence;Machine Learning and Deep Learning can play an essential role in determining the spread of diseases. The proposed system aims at predicting the spread of Tuberculosis by understanding the impact of various climatic and pollution parameters on the disease. The proposed solution takes into consideration the information related to Tuberculosis in different districts of India;2020;Bioinformatics (b8);
47;Ensemble Hyperspectral Band Selection for Detecting Nitrogen Status in Grape Leaves;hyperspectral, multispectral, ensemble, feature selection, random forest, lasso, selectkbest, relieff, svm-rfe, chaotic crow search algorithm;The large data size and dimensionality of hyperspectral data demands complex processing and data analysis. Multispectral data do not suffer the same limitations, but are normally restricted to blue, green, red, red edge, and near infrared bands. This study aimed to identify the optimal set of spectral bands for nitrogen detection in grape leaves using ensemble feature selection on hyperspectral data from over 3,000 leaves from 150 ‘Flame Seedless’ table grapevines. Six machine learning base rankers were included in the ensemble: random forest, LASSO, SelectKBest, ReliefF, SVM-RFE, and chaotic crow search algorithm (CCSA). The pipeline identified less than 0.45% of the bands as most informative about grape nitrogen status. The selected violet, yellow-orange, and shortwave infrared bands lie outside of the typical blue, green, red, red edge, and near infrared bands of commercial multispectral cameras, so the potential improvement in remote sensing of nitrogen in grapevines brought forth by a customized multispectral sensor centered at the selected bands is promising and worth further investigation. The proposed pipeline may also be used for application-specific multispectral sensor design in domains other than agriculture;2020;Bioinformatics (b8);
48;Multimodal Word Sense Disambiguation in Creative Practice;Multimodal Deep Learning, Word Sense Disambiguation, Subjective Language Understanding, Natural Language, Computer Vision;Language is ambiguous;2020;Bioinformatics (b8);
49;Topological Data Analysis to Engineer Features from Audio Signals for Depression Detection;Topology, Machine learning, Feature extraction or construction, Audio input/output, Modeling and prediction;Topological Data Analysis (TDA) can be used to extract features from raw signal data. These features, in the form of Betti curves, can be leveraged by machine learning models. Betti curves have been shown to mitigate bias from individual differences when classifying signals. One of the major challenges in detecting depression from audio clips is the variance of audio expression between participants. Thus, we hypothesize that Betti curves could help mitigate this audio expression variance. In this research, we are the first to construct Betti curves from audio signals. We then leverage these Betti curves to detect depression with audio clips from open-ended clinical interviews and scripted crowd-sourced recordings. For both datasets, machine learning models built on Betti curves achieve statistically significantly higher F1, AUC, and Accuracy scores than the same models built on only state-of-the-art audio engineered features. The AUC metric improvement was 0.054 for the clinical interviews and 0.066 for the crowd-sourced audio. Thus, we demonstrate TDA can be useful in screening for depression from audio signals.;2020;Bioinformatics (b8);
50;Deep Metric Learning for Proteomics;Deep Learning, Metric Learning, Proteomics;Deep learning has become an innovative tool for predicting the properties of a protein. However, obtaining an accurate predictive model using deep learning methods typically requires a large amount of labelled data, which is expensive and time-consuming to accumulate. Even when optimised, these algorithms are often black boxes, which make it challenging to interpret the decision-making processes that lead to the final prediction. Therefore, there is a demand for innovative modelling techniques that overcome these drawbacks within the space of bioinformatic deep learning. To address these issues, we have designed a modelling scheme that utilises techniques from computer vision. Specifically, we explore how triplet-networks can form a robust model architecture that is capable of learning and ranking proteins from just a few labelled examples. We evaluate our model on a variety of downstream tasks, including peak absorption wavelength, enantioselectivity, plasma membrane localisation, and thermostability. The embedded representations produced by this method show considerable improvement when compared to previous baseline models. Finally, to emphasise that this is an example of white-box deep learning, we visualised the features produced by the algorithm to gain a better understanding as to how the network reaches its prediction for each protein property.;2020;Bioinformatics (b8);
51;Automatic generation of reviews of scientific papers;extractive summarization, natural language processing, BERT language model, scientific papers analysis;With an ever-increasing number of scientific papers published each year, it becomes more difficult for researchers to explore a field that they are not closely familiar with already. This greatly inhibits the potential for cross-disciplinary research. A traditional introduction into an area may come in the form of a review paper. However, not all areas and sub-areas have a current review. In this paper, we present a method for the automatic generation of a review paper corresponding to a user-defined query. This method consists of two main parts. The first part identifies key papers in the area by their bibliometric parameters, such as a graph of co-citations. The second stage uses a BERT based architecture that we train on existing reviews for extractive summarization of these key papers. We describe the general pipeline of our method and some implementation details and present both automatic and expert evaluations on the PubMed dataset.;2020;Machine Learning for Recognition Applications (h9);
52;TransCrossCF: Transition-based Cross-Domain Collaborative Filtering;recommendation system, cross-domain recommendation, collaborative filtering;The success of cross-domain recommender systems in capturing user interests across multiple domains has recently brought much attention to them. These recommender systems aim to improve the quality of suggestions and defy the cold-start problem by transferring information from one (or more) source domain(s) to a target domain. However, most cross-domain recommenders ignore the sequential information in user history. They only rely on an aggregate or snapshot of user feedback in the past. Most importantly, they do not explicitly model how users transition from one domain to another domain as users continue to interact with different item domains. In this paper, we argue that between-domain transitions in user sequences are useful in improving recommendation quality, dealing with the cold-start problem, and revealing interesting aspects of how user interests transform from one domain to another. We propose TransCrossCF, transition-based cross-domain collaborative filtering, that can capture both within and between domain transitions of user feedback sequences while understanding the relationship between different item types in different domains. Specifically, we model each purchase of a user as a transition from his/her previous item to the next one, under the effect of item domains and user preferences. Our intensive experiments demonstrate that TransCrossCF outperforms the state-of-the-art methods in recommendation task on three real-world datasets, both in the cold-start and hot-start scenarios. Moreover, according to our context analysis evaluations, the between-domain relations captured by TransCrossCF are interpretable and intuitive.;2020;Machine Learning for Recognition Applications (h9);
53;Semantic Nonnegative Matrix Factorization with Automatic Model Determination for Topic Modeling;NMF, Topic models, Document clustering, NLP;Non-negative Matrix Factorization (NMF) models the topics of a text corpus by decomposing the matrix of term frequency-inverse document frequency (TF-IDF) representation, X, into two low-rank non-negative matrices: W , representing the topics and H, mapping the documents onto space of topics. One challenge, common to all topic models, is the determination of the number of latent topics (aka model determination). Determining the correct number of topics is important: underestimating the number of topics results in a poor topic separation, under-fitting, while overestimating leads to noisy topics, over-fitting. Here, we introduce SeNMFk, a semantic-assisted NMF-based topic modeling method, which incorporates semantic correlations in NMF by using a word-context matrix, and employs a method for determination of the number of latent topics. SeNMFk first creates a random ensemble of matrices based on the initial TF-IDF matrix and a word-context matrix, and then applies a coupled factorization to acquire sets of stable coherent topics that are robust to noise. The latent dimension is determined based on the stability of these topics. We show that SeNMFk accurately determines the number of high-quality topics in benchmark text corpora, which leads to an accurate document clustering.;2020;Machine Learning for Recognition Applications (h9);
54;Interpreting Attention Models: LSTM vs. CNN : A case study on customer activation;Attention models, LSTM, CNN, customer activation, machine learning;The service sector seeks effective ways to improve customer interaction by means of data driven approaches. This challenge implies personalizing the types and combinations of interactions to engage and activate a customer or a specific group of customers. Prior research on predicting customer activation proposed to use recurrent neural networks powered with attention models. This contribution expands upon this prior research by suggesting a convolutional model with attention and exploring its explainability concerning customer activation in comparison to recurrent models. The results show that recurrent and convolutional models perform similarly in terms of precision and recall. However, the attention models of the recurrent and convolutional architectures focus on different aspects of the customer data, providing different perspectives on customer-based interaction.;2020;Machine Learning for Recognition Applications (h9);
55;K-metamodes: frequency-and ensemble-based distributed k-modes clustering for security analytics;clustering, outlier detection, security, anomaly detection;"Nowadays processing of Big Security Data, such as log messages, is commonly used for intrusion detection purposes. Its heterogeneous nature, as well as a combination of numerical and categorical attributes, do not allow to apply the existing data mining methods directly on the data without feature preprocessing. Therefore, a rather computationally expensive conversion of categorical attributes into vector space should be utilised for analysis of such data. However, a well-known k-modes algorithm allows to cluster the categorical data directly and avoid conversion into the vector space. The existing implementations of k-modes for Big Data processing are ensemble-based and utilise two-step clustering, where data subsets are first clustered independently, whereas the resulting cluster modes are clustered again in order to calculate metamodes (or ""modes of modes"") valid for all data subsets. In this paper, the novel frequency-based distance function is proposed for the second step of ensemble-based k-modes clustering. Besides this, the existing feature discretisation method from the previous work is utilised in order to adapt k-modes for processing of mixed data sets. The resulting k-metamodes algorithm was tested on two public security data sets and reached higher effectiveness in comparison with the previous work.";2020;Machine Learning for Recognition Applications (h9);
56;Linguistic Features for Detecting Fake Reviews;fake review, deception detection, machine learning, linguistic features;Online reviews play an integral part for success or failure of businesses. Prior to purchasing services or goods, customers first review the online comments submitted by previous customers. However, it is possible to superficially boost or hinder some businesses through posting counterfeit and fake reviews. This paper explores a natural language processing approach to identify fake reviews. We present a detailed analysis of linguistic features for distinguishing fake and trustworthy online reviews. We study 15 linguistic features and measure their significance and importance towards the classification schemes employed in this study. Our results indicate that fake reviews tend to include more redundant terms and pauses, and generally contain longer sentences. The application of several machine learning classification algorithms revealed that we were able to discriminate fake from real reviews with high accuracy using these linguistic features.;2020;Machine Learning for Recognition Applications (h9);
57;Unsupervised Open Set Recognition using Adversarial Autoencoders;Unsupervised Open Set Recognition, Representation Learning, Malware defense;We propose an unsupervised open set recognition approach that uses an Adversarial Autoencoder (AAE) for clustering and combines it with ii-loss to learn a representation that facilitates open set recognition. We evaluate our approach on two malware datasets. To show the applicability of the proposed method outside the malware domain we also evaluate it with an image dataset. Our proposed approach gives a statistically significant improvement over other evaluated approaches.;2020;Machine Learning for Recognition Applications (h9);
58;Tuberculosis Bacilli Identification: A Novel Feature Extraction Approach via Statistical Shape and Color Models;Ziehl-Nelsen stained imaging, classification, segmentation, feature selection, MSER, Gabor filter, YIQ color space, PCA, statistical shape model, statistical color model;Tuberculosis (TB) is an infectious disease resulting in 1.5 M deaths worldwide every year. Early diagnosis can play an important role in reducing TB induced mortality rates. A common inexpensive approach to test for TB is a manual examination of sputum smear images under the light/fluorescent microscope. To enhance the process, computer-aided diagnostic devices and machine learning algorithms have been developed with the capability of identifying TB bacilli using image processing techniques. Here, we propose a novel statistical model of the shape and color of TB bacilli in Ziehl-Neelsen stained images under the light microscope to identify bacilli in these images. These simple statistical models are utilized as a general library for reconstructing any bacillus with various background colors and can overcome the difficulties associated with geometric feature extraction methods. We use various methods to classify the individual bacilli and overlapping bacilli from the rest of the image based on the eigenvalues of the shape and color models. Our results show that the k-NN classifier performs best among selected classifiers with an average accuracy of 82.7% for single bacilli and overlapping bacilli detection, and 99.1% accuracy of identifying individual bacilli alone from overlapping bacilli and other objects.;2020;Machine Learning for Recognition Applications (h9);
59;cFAT-GAN: Conditional Simulation of Electron-Proton Scattering Events with Variate Beam Energies by a Feature Augmented and Transformed Generative Adversarial Network;GAN, Physics Event Generation;The recently proposed generative adversarial network (GAN) based event generator, the Feature Augmented and Transformed GAN (FAT-GAN), has shown impressive capability of reproducing inclusive electron-proton scattering events at a given collision energy. In contrast, many practical applications require the event generator to have the flexibility of allowing users to specify the reaction energy as an input to produce the corresponding synthetic events. In this work, we extend the FAT-GAN framework by conditioning the component neural networks according to the given reaction energy. We demonstrate that this model, referred to as cFAT-GAN, can reliably produce inclusive event feature distributions and correlations for a continuous range of reaction energies by automatically interpolating and extrapolating from a set of trained energies. We employ a continuous energy feature representation to enable the networks to organically learn the distribution relationships between different reaction energies, laying the groundwork for accessing events at untrained energies.This continuous conditional energy provides a degree of versatility to the cFAT-GAN for its further development as a significant research tool in high-energy and nuclear physics.;2020;Machine Learning for Recognition Applications (h9);
60;DeepGamble: Towards unlocking real-time player intelligence using multi-layer instance segmentation and attribute detection;player intelligence, instance segmentation, montecarlo simulation, blackjack, wager detection, strategy evaluation, card counting;Annually the gaming industry spends approximately $15 billion in marketing reinvestment. However, this amount is spent without any consideration for the skill and luck of the player. For a casino, an unskilled player could fetch ~4× more revenue than a skilled player. This paper describes a video recognition system that is based on an extension of the Mask R-CNN model. Our system digitizes the game of blackjack by detecting cards and player bets in real time and processes decisions they took in order to create accurate player personas. Our proposed supervised learning approach consists of a specialized three-stage pipeline that takes images from two viewpoints of the casino table and does instance segmentation to generate masks on proposed regions of interests. These predicted masks along with derivative features are used to classify image attributes that are passed onto the next stage to assimilate the gameplay understanding. Our end-to-end model yields an accuracy of ~95% for main bet detection and ~98% for card detection in a controlled environment trained using transfer learning approach with 900 training examples. Our approach is generalizable and scalable and shows promising results in varied gaming scenarios and test data. Such granular level gathered data, helped in understanding player's deviation from optimal strategy and thereby separate the skill of the player from the luck of the game. Our system also assesses the likelihood of card counting by correlating player's betting pattern to the deck's scaled count. Such a system lets casinos flag fraudulent activity and calculate expected personalized profitability for each player and tailor their marketing reinvestment decisions.;2020;Computer Vision and Image Segmentation (n8);
61;Ensemble CNN in Transform Domains for Image Super-resolution from Small Data Sets;Image Reconstruction, Image Super-resolution, Convolutional Neural Network, Transform Domain, Sparse Transformations;In this paper, we develop a method to recover high-resolution images from small training data sets by combining ideas inspired by compressive sensing, super-resolution neural networks, and ensemble learning. The key idea is that the frequency domain, and other transformed domains, where images can be presented sparsely can be used to ensemble a robust model and improve the performance of super-resolution convolutional neural networks. Fourier and wavelet representations are popular candidates since they provide sparse image representations but, the selection of an optimal transform domain is challenging since each type of transformation may be superior for different sub-image patches in different application domains. Herein, we propose an ensemble method for robustly selecting the appropriate sparsifying transform from limited available data. Our proposed ensemble CNN decides the best choice of transform domains for each sub-image patch and combines the patches to provide a general optimal solution for the entire image.;2020;Computer Vision and Image Segmentation (n8);
62;PENet: Object Detection Using Points Estimation in High Definition Aerial Images;object detection, coarse to fine, anchor-free;Aerial imagery has been increasingly adopted in mission-critical tasks, such as traffic surveillance, smart cities, and disaster assistance. However, identifying objects from aerial images faces the following challenges: 1) objects of interests are often too small and too dense relative to the images;2020;Computer Vision and Image Segmentation (n8);
63;EVISClass: a new evaluation method for image data stream classifiers;image data stream, image classification, classification evaluation;Methods for image data stream classification need to update their model constantly and many of these perform this in a supervised way. However, these studies evaluate the performance of their methods assuming that all labels will be available immediately after classification, which is not consistent with various real-world application scenarios. This article proposes a new evaluation method for image data stream classifiers that allows for the exploration of different issues present in real-world applications, such as the emergence of new classes, the evolution of existing classes, and delayed image labels after classification. Through an analysis of the experimental results, we verified that the proposed evaluation method allowed the identification of the issues that most impact the accuracy of the image classifier, indicating a need to direct efforts in carrying out future works to develop strategies to mitigate these issues.;2020;Computer Vision and Image Segmentation (n8);
64;Conditional Score Matching for Image to Image Regression;Image-to-image regression, generative model, conditional score matching, Langevin dynamics;Image to image regression is an essential machine learning problem that is commonly encountered in computer vision tasks. Previous research works have been concentrating on task-dependent end-to-end regression models. Although such a discriminative approach has shown its proficiency in producing precise predictions, its architecture is usually overly complicated for interpretation and unable to provide uncertainty quantification for prediction. We propose a general image to image regression framework named CSMNet which is based on conditional score matching and Langevin dynamics. The proposed framework is generative and emphasize on the probabilistic perspective of general image to image regression. Discriminative models are also involved as sufficient feature extractors to complement the generative modeling of the distribution of the target image conditioned an input image. The proposed model is trained by multi-level denoising score matching. Subsequently, the learned model is used for sampling from the conditional distribution via annealed Langevin dynamics. We introduce a grid selection procedure of Langevin sampling which can produce robust prediction. Comprehensive experiments are conducted on diverse image to image regression problems. The proposed model surpasses other purely generative models and achieves comparable performance to some end-to-end regression methods. Our method also demonstrates remarkable generalization ability which further demonstrates the advantage of the proposed conditional score matching framework.;2020;Computer Vision and Image Segmentation (n8);
65;Evaluating The Number of Trainable Parameters on Deep Maxout and LReLU Networks for Visual Recognition;maxout networks, activation functions, deep learning, convolutional neural networks;Object recognition research has made notable steps since the appearance of convolutional neural networks, and many activation functions have been proposed to enhance the classification performance of these networks. Maxout networks have achieved great success in many computer vision tasks, but there is limited information on whether an increase in the number of trainable parameters can increase the performance in Leaky Rectified Linear Unit (LReLU) networks compared to maxout networks. Our experiments compare LReLU, rectified linear unit, scaled exponential linear unit, and hyperbolic tangent to four maxout variants. We evaluate ReLU and LReLU with 2x, 3x and 6x the number of filters in each convolutional layer. We also evaluate ReLU, LReLU and maxout networks with approximately the same number of trainable parameters. Under equal conditions, we found that on average, across all datasets, LReLU performs better than any of the evaluated activation functions.;2020;Computer Vision and Image Segmentation (n8);
66;Enhanced Anisotropic Diffusion-based CNN-LSTM Architecture for Video Face Liveness Detection;face liveness detection, diffusion, CNN-LSTM, Replay-Attack dataset;While considerable research has been recently done in improving the accuracy of face liveness detection, the best current approaches use a two-step process of first applying non-linear anisotropic diffusion to the incoming image and then using a deep network for final liveness decision. We develop a novel deep architecture for face liveness detection on video frames that uses the diffusion of images followed by a deep Convolutional Neural Network (CNN) and a Long Short-Term Memory (LSTM) to classify the video sequence as real or fake. Even though the use of CNN followed by LSTM is not new, combining it with diffusion (that has proven to be the best approach for single image liveness detection) is novel. Performance evaluation of our architecture on the REPLAY-ATTACK dataset yields competitive results with 98.64% accuracy and an HTER of 3.63%.;2020;Computer Vision and Image Segmentation (n8);
67;Loss Scheduling for Class-Imbalanced Image Segmentation Problems;Machine Learning, Loss Scheduling, Semantic Segmentation, Pixel Classification, Model Calibration, Class Im-balance, Transfer Learning, Cross Entropy, Dice Loss;When training a classifier the choice of loss function heavily influences the characteristics of the resulting model. The most commonly used loss function for classification is cross entropy. In image segmentation problems where each pixel is assigned to a particular class, overlap-based losses have recently been shown to improve classifier performance especially for datasets with an imbalanced class distribution. This is particu-larly relevant to segmentation because class imbalance mitigation strategies used in regular classification are often not applicable. Overlap-based losses, however, have different drawbacks. We are aiming at combining the upsides of different losses with a simple scheduling scheme during training while minimizing their downsides. Gradually transitioning from an overlap-based dice loss to cross entropy allows to reliably select a distinct minimum in the optimization landscape as a valuable alternative to results obtained from traditional unscheduled loss functions. We demonstrate the efficacy of our approach on different combinations of loss functions, datasets, and models.;2020;Computer Vision and Image Segmentation (n8);
68;Refined Plane Segmentation for Cuboid-Shaped Objects by Leveraging Edge Detection;object segmentation, plane segmentation, edge detection, augmented reality, logistics;Recent advances in the area of plane segmentation from single RGB images show strong accuracy improvements and now allow a reliable segmentation of many indoor scenes into planes. Nonetheless, fine-grained details of these segmentation masks are still lacking accuracy, thus restricting the usability of such techniques on a larger scale in numerous applications, such as inpainting for Augmented Reality use cases. We propose to enhance deep learning based methods with classical model-based approaches by aligning the segmented plane masks with edges detected in the image. This allows us to increase the accuracy of state-of-the-art approaches, while limiting ourselves to cuboid-shaped objects. Our approach is motivated by logistics, where this assumption is valid and refined planes can be used to perform robust object detection without the need for supervised learning. Results for two baselines and our approach are reported on our own dataset, which we made publicly available. The results show a consistent improvement over the state-of-the-art. The influence of the prior segmentation and the edge detection is investigated and finally, areas for future research are proposed.;2020;Computer Vision and Image Segmentation (n8);
69;Deep Learning Based Covert Attack Identification for Industrial Control Systems;cybersecurity, industrial control system, smart grid, LSTM;Cybersecurity of Industrial Control Systems (ICS) is drawing significant concerns as data communication increasingly leverages wireless networks. A lot of data-driven methods were developed for detecting cyberattacks, but few are focused on distinguishing them from equipment faults. In this paper, we develop a data-driven framework that can be used to detect, diagnose, and localize a type of cyberattack called covert attacks on smart grids. The framework has a hybrid design that combines an autoencoder, a recurrent neural network (RNN) with a Long-Short-Term-Memory (LSTM) layer, and a Deep Neural Network (DNN). This data-driven framework considers the temporal behavior of a generic physical system that extracts features from the time series of the sensor measurements that can be used for detecting covert attacks, distinguishing them from equipment faults, as well as localize the attack/fault. We evaluate the performance of the proposed method through a realistic simulation study on the IEEE 14-bus model as a typical example of ICS. We compare the performance of the proposed method with the traditional model-based method to show its applicability and efficacy.;2020;Deep Learning (1) (j21);
70;Deep Learning for Automatic Quality Grading of Mangoes: Methods and Insights;quality grading of fruits, mangoes, computer vision, convolutional neural networks (CNN), transfer learning;The quality grading of mangoes is a crucial task for mango growers as it vastly affects their profit. However, until today, this process still relies on laborious efforts of humans, who are prone to fatigue and errors. To remedy this, the paper approaches the grading task with various convolutional neural networks (CNN), a tried-and-tested deep learning technology in computer vision. The models involved include Mask R-CNN (for background removal), the numerous past winners of the ImageNet challenge, namely AlexNet, VGGs, and ResNets;2020;Deep Learning (1) (j21);
71;A Deep Learning Framework for Ensuring Responsible Play in Skill-based Cash Gaming;Responsible game play, game prudence, skilled-based cash games, deep learning, adversarial auto-encoder, LSTM, problem gambling, addiction;Games of skill are an excellent source of recreation, entertainment and relaxation. However when these games are played with real money, the important facet of responsible game play must be addressed rigorously and efficiently by game providers. Ensuring game prudence, whereby users play real-money skill games only for entertainment purposes, and do so well within their resourceful means, necessary for the wellness of players, and also for the sustained engagement and retention of players in the system. To this end, in this work we present a deep learning model that helps identify players who are on the verge of displaying irresponsible or addictive game play in a fully unsupervised manner. We use a combination of long short-term memory and adversarial auto-encoder networks to analyze game play along three tell-tale dimensions of immoderation, namely, money, time and despair. Our model provides a state of the art solution for identifying a precise set of problem gamers in skill-based cash games well ahead of time, effectively addressing the challenges of (i) extreme class imbalance, (ii) sparse and incomplete ground truth, (iii) overlapping behavioral patterns between risky and non-risky but highly engaged players.;2020;Deep Learning (1) (j21);
72;Rapid Class Augmentation For Continuous Deep Learning Applications;progressive learning, deep neural networks, on-line adaptive algorithms;The amount of time required to train most deep neural networks makes them ill-suited for continuous learning applications where one would like to augment existing models with new classes on-the-edge and on-the-fly. This paper presents a new type of progressive learning approach called Rapid Class Augmentation (RCA) that can be used to rapidly augment an existing classifier with new classes. RCA has the distinguishing properties of optimizer feature memory and a class initialization vector that enable it to train on only the new class examples while optimally updating all the model’s classification weights. This paper will demonstrate that these properties allow RCA to augment existing models much faster and with reduced data storage requirements than conventional progressive learning techniques that rely on stochastic gradient descent optimization. This rapid class augmentation capability is expected to be especially advantageous for near real-time perception tasks that require continuous learning of new network classes on platforms with limited data storage and compute power.;2020;Deep Learning (1) (j21);
73;Crafting Adversarial Examples for Deep Learning Based Prognostics;deep learning, Prognostics, PHM, adversarial example, predictive maintenance, turbofan engine, IoT, cybersecurity, FGSM, BIM;In manufacturing, unexpected failures are considered a primary operational risk, as they can hinder productivity and can incur huge losses. State-of-the-art Prognostics and Health Management (PHM) systems incorporate Deep Learning (DL) algorithms and Internet of Things (IoT) devices to ascertain the health status of equipment, and thus reduce the downtime, maintenance cost and increase the productivity. Unfortunately, IoT sensors and DL algorithms, both are vulnerable to cyber attacks, and hence pose a significant threat to PHM systems. In this paper, we adopt the adversarial example crafting techniques from the computer vision domain and apply them to the PHM domain. Specifically, we craft adversarial examples using the Fast Gradient Sign Method (FGSM) and Basic Iterative Method (BIM) and apply them on the Long Short-Term Memory (LSTM), Gated Recurrent Unit (GRU), and Convolutional Neural Network (CNN) based PHM models. We evaluate the impact of adversarial attacks using NASA’s turbofan engine dataset. The obtained results show that all the evaluated PHM models are vulnerable to adversarial attacks and can cause a serious defect in the remaining useful life estimation. The obtained results also show that the crafted adversarial examples are highly transferable and may cause significant damages to PHM systems.;2020;Deep Learning (1) (j21);
74;Efficient Defect Detection from Consecutive Monocular Images by Deep Learning;anomaly detection, visual defect detection, self-supervised depth estimation, object detection, deep learning;This paper deals with the problem of detecting surface cavities on metal castings that must be distinguished from their lookalike non-defective substances embedding on the surface. As general detection methods working on the basis of single 2D appearance and patterns are easily fooled by their similar 2D appearance and less suitable, the 3D geometry, e.g. depth, of the scene must also be considered. However, ground-truth depth maps are formidable and cumbersome to obtain, even with the help of modern depth-sensing devices. We present an automated framework for effectively detecting surface cavities from only monocular vision by leveraging consecutive images from different views. We first employ an object detector to localize regions of interest (ROIs) that are candidates for defect detection, including cavities and cavity lookalikes, intuitively identical to the way human vision operates by focusing on the most important regions. We then predict and extract the pixel-wise depths of the detected ROIs with a depth estimator, which is trained in an unsupervised manner from sequences of 3 consecutive monocular images taken at different camera poses based on their relative depth consistency. The object detector and the depth estimator jointly track the ROIs over a number of images from continuous views for thorough examination. Experimental results with a real-world dataset demonstrate that our method is able to identify and characterize cavity defects into deeper regions for ease of detection.;2020;Deep Learning (1) (j21);
75;Theoretical Analysis of the Advantage of Deepening Neural Networks;deep learning theory, expressivity, approximation accuracy, linear region;We propose two new criteria to understand the advantage of deepening neural networks. It is important to know the expressivity of functions computable by deep neural networks in order to understand the advantage of deepening neural networks. Unless deep neural networks have enough expressivity, they cannot have good performance even though learning is successful. In this situation, the proposed criteria contribute to understanding the advantage of deepening neural networks since they can evaluate the expressivity independently from the efficiency of learning. The first criterion shows the approximation accuracy of deep neural networks to the target function. This criterion has the background that the goal of deep learning is approximating the target function by deep neural networks. The second criterion shows the property of linear regions of functions computable by deep neural networks. This criterion has the background that deep neural networks whose activation functions are piecewise linear are also piecewise linear. Furthermore, by the two criteria, we show that to increase layers is more effective than to increase units at each layer on improving the expressivity of deep neural networks.;2020;Deep Learning (1) (j21);
76;Heart Audio Classification Using Deep Learning;CVD, Phonocardiograms, Mel-Freq Cepstral Coefficient, Gammatone Frequency Cepstral Coefficient Recurrent networks, SVM, XGBoost, CNN, LSTM;Cardiovascular diseases have been a major cause of deaths amongst the world population. Approximately 17.1 million cases of deaths due to CVD were reported in 2004, this accounts for 29% of the global deaths. Nearly 7.2 million of these cases were related to myocardial heart disease. Thus any approach that could assist in identification of heart disease at preliminary stage is of the utmost importance in improving this elevating index. The work is an advancement in this domain by providing an approach for classification of heart audio samples using some state of the art deep learning techniques. It aims at implementing some existing segmentation techniques along with feature engineering in the audio domain. It also involves a comparative analysis of some existing machine learning algorithms like Support Vector Machine (SVM), Gradient boosting trees, eXtreme Gradient Boosting (XGBoost) along with the deep learning techniques like Convolutional networks(CNN), and recurrent networks like simple Recurrent Neural Networks(RNN), Long Short Term Memory(LSTM). The precision values used to report the model performance comes out to be best for the HybridCNN with about precision of 1 for artifact, 0.906 for normal and 0.859 for murmur category.;2020;Deep Learning (1) (j21);
77;Deep Learning-based Symbolic Indoor Positioning using the Serving eNodeB;Cellular Networks, Dataset, Deep Learning, Denoising Autoencoder, eNodeB, Symbolic Indoor Positioning;This paper presents a novel indoor positioning method designed for residential apartments. The proposed method makes use of cellular signals emitting from a serving eNodeB which eliminates the need for specialized positioning infrastructure. Additionally, it utilizes Denoising Autoencoders to mitigate the effects of cellular signal loss. We evaluated the pro-posed method using real-world data collected from two different smartphones inside a representative apartment of eight symbolic spaces. Experimental results verify that the proposed method outperforms conventional symbolic indoor positioning techniques in various performance metrics. To promote reproducibility and foster new research efforts, we made all the data and codes associated with this work publicly available.;2020;Deep Learning (1) (j21);
78;Generalized Adversarial Distances to Efficiently Discover Classifier Errors;machine learning, Classification algorithms;Given a black-box classification model and an unlabeled evaluation dataset from some application domain, efficient strategies need to be developed to evaluate the model. Random sampling allows a user to estimate metrics like accuracy, precision, and recall, but may not provide insight to high-confidence errors. High-confidence errors are rare events for which the model is highly confident in its prediction, but is wrong. Such errors can represent costly mistakes and should be explicitly searched for. In this paper we propose a generalization to the Adversarial Distance search that leverages concepts from adversarial machine learning to identify predictions for which a classifier may be overly confident. These predictions are useful instances to sample when looking for high-confidence errors because they are prone to a higher rate of error than expected. Our generalization allows Adversarial Distance to be applied to any classifier or data domain. Experimental results show that the generalized method finds errors at rates greater than expected given the confidence of the sampled predictions, and outperforms competing methods.;2020;Advanced Classification Methods with Applications (f8);
79;Segmentation of Multi-State Compound Waveform and Extraction of Features for Anomaly Detection;Waveform segmentation, feature extraction, state detection, overshoot, undershoot, spike, kernel density estimation, clustering, IEEE Standard;In a semiconductor fabrication plant, various types of sensors are installed at various equipment of various processes to monitor the quality of the products and the progress of various processes. These sensors generate a huge volume of time-series waveform data, which are used for failure prognostics, failure diagnosis, and anomaly detection using supervised or unsupervised classifiers. For this purpose, automatic extraction of features from a huge volume of waveform data is needed;2020;Advanced Classification Methods with Applications (f8);
80;Kernel Ridge Regression Using Importance Sampling with Application to Seismic Response Prediction;Kernel methods, regression analysis, computational complexity, importance sampling, structural engineering;Scalable kernel methods, including kernel ridge regression, often rely on low-rank matrix approximations using the Nyström method, which involves selecting landmark points from large data sets. The existing approaches to selecting landmarks are typically computationally demanding as they require manipulating and performing computations with large matrices in the input or feature space. In this paper, our contribution is twofold. The first contribution is to propose a novel landmark selection method that promotes diversity using an efficient twostep approach. Our landmark selection technique follows a coarse to fine strategy, where the first step computes importance scores with a single pass over the whole data. The second step performs K-means clustering on the constructed coreset to use the obtained centroids as landmarks. Hence, the introduced method provides tunable trade-offs between accuracy and efficiency. Our second contribution is to investigate the performance of several landmark selection techniques using a novel application of kernel methods for predicting structural responses due to earthquake load and material uncertainties. Our experiments exhibit the merits of our proposed landmark selection scheme against baselines.;2020;Advanced Classification Methods with Applications (f8);
81;HASeparator: Hyperplane-Assisted Softmax;Discriminative feature learning, convolutional neural networks, hyperplane-assisted loss;Efficient feature learning with Convolutional Neural Networks (CNNs) constitutes an increasingly imperative property since several challenging tasks of computer vision tend to require cascade schemes and modalities fusion. Feature learning aims at CNN models capable of extracting embeddings, exhibiting high discrimination among the different classes, as well as intra-class compactness. In this paper, a novel approach is introduced that has separator, which focuses on an effective hyperplane-based segregation of the classes instead of the common class centers separation scheme. Accordingly, an innovatory separator, namely the Hyperplane-Assisted Softmax separator (HASeparator), is proposed that demonstrates superior discrimination capabilities, as evaluated on popular image classification benchmarks.;2020;Advanced Classification Methods with Applications (f8);
82;Dimension Estimation Using Autoencoders with Applications to Financial Market Analysis;PCA, Autoencoder, dimension estimation;Dimension Estimation (DE) and Dimension Reduction (DR) are two closely related topics, but with quite different goals. In DR, one attempts to project a random vector, either linearly or non-linearly, to a lower dimensional space that preserves the information contained in the original higher dimensional space. However, in DE, one attempts to estimate the intrinsic dimensionality or number of latent variables in a set of measurements of a random vector. DE and DR are closely linked because reducing the dimension to a smaller value than suggested by DE will likely lead to information loss. In particular, when considering linear methods, such as Principal Component Analysis (PCA), DE and DR are often accomplished simultaneously. However, in this paper we will focus on a particular class of deep neural networks called autoencoders which are used extensively for DR but are less well studied for DE. We show that several important questions arise when using AEs for DE, above and beyond those that arise for more classic DR/DE techniques such as PCA. We address AE architectural choices and regularization techniques that allow one to transform AE latent layer representations into estimates of intrinsic dimension. We demonstrate the effectiveness of our techniques on synthetic, image processing benchmark problems, and, most importantly, the analysis of financial markets.;2020;Advanced Classification Methods with Applications (f8);
83;An Investigation of Dynamic Feature Selection Methods Applied to Classifier Ensembles;;The aim of this paper is to investigate the use of Dynamic Feature Selection in classifier ensembles, aiming at improving its diversity and the performance of these systems. In order to do that, four dynamic feature selection techniques are proposed and investigated in this paper. Therefore, an empirical analysis will be conducted, using different selection rates and ensemble sizes. Additionally, a comparative analysis will be conducted, with existing ensemble generation methods.;2020;Advanced Classification Methods with Applications (f8);
84;Domain adaptation from clinical trials data to the tertiary care clinic - Application to ALS.;Amyotrophic lateral sclerosis (ALS), clinical trials data, disease-state prediction, LSTM, domain adaptation;Amyotrophic lateral sclerosis (ALS) is a devastating and incurable disease affecting motor neurons, leading to progressive paralysis and death on average within three to five years from onset. The disease is characterized by highly variable patterns and rates of progression, which pose challenges to developing reliable and accurate ALS disease state prediction models to be used on a daily basis in clinics with little data. To meet these challenges, we suggest domain adaptation from a large, but unfortunately biased, clinical trials database to that of a tertiary care ALS clinic. To evaluate the reliability and accuracy of the suggested paradigm, we examine a naïve approach by which training is based only on the clinical trials data compared with a domain adaptation approach of an initial training using this same data followed by fine-tuning training using the clinic data. We also allow summarization of the clinical longitudinal data to evaluate non-temporal models, e.g., random forest (RF), XGBoost (XGB), and multilayer perceptron (MLP), partially exploiting the dynamic information hidden in patient clinical records, in comparison to the long short-term memory (LSTM) recurrent neural network, fully exploiting the temporal information in the data. First, we notice the XGB outperformance in terms of the ALS disease state prediction error to the RF and MLP, but surprisingly also to the LSTM regardless of prediction time (up to 24 months ahead). We contribute the inferiority of the highly parametrized neural network to the impact of the curse of dimensionality. Second, we show that this error does not significantly increase when the model is trained using only the clinical trials data, especially for LSTM in long prediction times. Finally, we demonstrate that fine-tuning of the clinical trials-based pre-trained model using the clinic data improves the LSTM and MLP performance compared to using solely the clinical trials or clinic data.;2020;Advanced Classification Methods with Applications (f8);
85;Improving Fraud Detection and Concept Drift Adaptation in Credit Card Transactions Using Incremental Gradient Boosting Trees;Fraud detection, Concept Drift, Imbalanced Data, Gradient Boosting Trees, Incremental Learning, Catastrophic Forgetting;Due to the increase in the use of credit cards in electronic shopping, card payments for online commerce have rapidly become a popular trend, which also led to the growth in the number of retailers. Because of these various online shopping options, a more frequent variation in the spending behaviors of the customers and purchasing trends of online markets, known as concept drift problem, can be observed over time which also causes an increase in the need for novel fraudulent strategies. This drifting problem may significantly hinder the effective performance of state-of-the-art fraud detection approaches in real credit card transaction data, which also has the imbalanced class distribution problem. In this study, a card-based incremental Gradient Boosting Tree (GBT) is investigated to detect credit card frauds and to adapt in real-time to drifts occurred in online transactions. The card-based incremental learning is achieved in which the transactions of the fraudulent credit cards reported in each day are incrementally learned by the GBT model. Therefore, the card-based incremental GBT model is compared with the regular GBT model, and retraining of a new transaction set formed by combining the previous set and the transactions of the cards reported as fraudulent. The experiments have been carried out on the 4-month real transaction data from December 2019 to March 2020 in which the concept drift problem occurred in December, dramatically affecting the performance of the GBT model. In these experiments, the improvements in the fraud detection performance have been realized in all months, and also the effectiveness of the card-based increment has been verified by comparing it with the transaction-based incremental learning that may cause catastrophic forgetting problem.;2020;Advanced Classification Methods with Applications (f8);
86;Spatio-Temporal Change Detection with Granger Causality Based Cluster Sequence Mining;relation mining, causal detection, change detection;We proposed a method to extract causal relations of clusters from multi-dimensional event sequence data, along with another method to detect the changes of the extracted relations over time. The proposed Granger Cluster Sequence Mining (GCSM) algorithm identifies the pairs of spatial data clusters that have causality over time with each other. It extends the Cluster Sequence Mining algorithm, which utilized a statistical inference technique to identify occurrence relation, with a causality based on Granger causality. We also proposed a statistical model to infer the changes over time of each extracted causal relation. With experiments using synthetic data and semi-real data, we confirmed that the algorithm works correctly, and able to extract the embedded causal relations with high F-score and high accuracy of change points.;2020;Forecasting in Time Series (i9);
87;CAE: Towards Crowd Anarchism Exploration;Dense HOG, Dense HMG, RBF SVM, Bounding Box, IoU;Towards effective violence detection in densely crowded scenes, we introduce two novel computationally inexpensive real time pipelines. One is for automatic crowd violence detection and another for capturing the region with highest crowd concentration. The proposed violence detection architecture uses dense Histogram of Oriented Gradients (HOG) and dense Histogram of Motion Gradients (HMG) for feature extraction and Radial Bias Function Support Vector machine (RBF SVM) for classification. We further contribute by introducing a benchmark dataset, Dense Crowd Turbulence (DCT), having 120 videos of crowd violence and 120 for non-violence. DCT achieves an accuracy of 100% when evaluated with deep learning based violence detection frameworks. The violence detection architecture achieved a near the state of art accuracy of 87.3% on DCT.;2020;Forecasting in Time Series (i9);
88;f2tag - Can Tags be Predicted Using Formulas?;recommender systems, tag prediction, deep learning;The appropriate tagging of questions on Q&A networks like StackExchange is important for organizing the content of these platforms. Accordingly, recommender systems can help the users by suggesting relevant tags for their questions. The data used as input to these recommender systems can be manifold like headlines of the questions or their entire content. In this work, we explore whether mathematical formulas alone are sufficient for predicting tags of mathematical questions. To achieve this goal, we employ and compare well established methods on both textual and visual representations of formulas. To the best of our knowledge, we are the first to use this kind of limited content as input. Our results show that formulas are helpful for finding proper tags while visual representations outperform textual ones.;2020;Forecasting in Time Series (i9);
89;Performance of CatBoost and XGBoost in Medicare Fraud Detection;Gradient Boosted Decision Trees, CatBoost, XGBoost, Class Imbalance, Medicare Fraud;Due to the size of the data involved, performance is an important consideration in the task of detecting fraudulent Medicare insurance claims. We evaluate CatBoost and XGBoost on the task of Medicare fraud detection, and report performance in terms of running time and Area Under the Receiver Operating Characteristic Curve (AUC). We show that adding a categorical feature for XGBoost and CatBoost improves performance in terms of AUC, and that CatBoost's performance is higher in a statistically significant sense. Moreover, we conduct experiments to find the optimal number of decision trees to use for XGBoost and CatBoost in the task of Medicare fraud detection. This is an important contribution because the number of trees in the ensemble governs overall resource consumption of a Gradient Boosted Decision Tree implementation. We find that with a purely numerical dataset, CatBoost and XGBoost yield nearly equivalent performance in terms of AUC, and XGBoost has a shorter training time. With respect to Medicare fraud detection, to the best of our knowledge, this is the first study to evaluate the performance of CatBoost and XGBoost in terms of running time and AUC on highly imbalanced, Big Data. Our contribution of evaluating running time performance on a large imbalanced dataset benefits researchers looking for more efficient utilization of valuable resources.;2020;Forecasting in Time Series (i9);
90;CQ-VAE: Coordinate Quantized VAE for Uncertainty Estimation with Application to Disk Shape Analysis from Lumbar Spine MRI Images;uncertainty, shape regression, discrete latent space, variational autoencoder;"Ambiguity is inevitable in medical images, which often results in different image interpretations (e.g. object boundaries or segmentation maps) from different human experts. Thus, a model that learns the ambiguity and outputs a probability distribution of the target, would be valuable for medical applications to assess the uncertainty of diagnosis. In this paper, we propose a powerful generative model to learn a representation of ambiguity and to generate probabilistic outputs. Our model, named Coordinate Quantization Variational Autoencoder (CQ-VAE) employs a discrete latent space with an internal discrete probability distribution by quantizing the coordinates of a continuous latent space. As a result, the output distribution from CQ-VAE is discrete. During training, Gumbel-Softmax sampling is used to enable backpropagation through the discrete latent space. A matching algorithm is used to establish the correspondence between model-generated samples and ""ground-truth"" samples, which makes a trade-off between the ability to generate new samples and the ability to represent training samples. Besides these probabilistic components to generate possible outputs, our model has a deterministic path to output the best estimation. We demonstrated our method on a lumbar disk image dataset, and the results show that our CQ-VAE can learn lumbar disk shape variation and uncertainty.";2020;Forecasting in Time Series (i9);
91;Towards logical association rule mining on ontology-based semantic trajectories;semantic trajectory, association rule mining, ontology;Mobility patterns have been investigated from multiple point-of-views, and different trajectory data mining paradigms have been proposed in the literature. Recent Semantic Trajectory representations rely on ontologies or RDF triples to represent different semantics, interlink data, and retrieve information. Nonetheless, current Trajectory Data Mining approaches use traditional transaction-based techniques that are not compatible with the relational nature of ontology-based representations. In this paper, we tackle the task of association rules mining by borrowing from the Knowledge Base Refinement field, the state-of-the-art AMIE 3 algorithm. After mining logical rules from a Foursquare dataset, we discuss the issues of applying off-the-shelf mining algorithms and discuss opportunities to develop a domain-tailored approach.;2020;Forecasting in Time Series (i9);
92;Analysis of COVID-19 in different countries using Wigner energy distribution and clustering;COVID-19, Expectation Maximization, Wigner distribution;COVID-19 pandemic has sent ripple effects across the world affecting various economic and social parameters. The spread of the pandemic has been observed to be dynamic and the various measures implemented in different countries had been largely based on the guidelines of maintaining hygiene, frequent disinfection, social distance norms and prevention of community spread. There is an observable trend embedded with stochastic oscillations in pandemic's progress in every country. The fundamental similarity in the pandemic's progress in countries can be deciphered using clustering and this similarity can be used to model the future dynamics of countries from those clustered together. The time-frequency spectral estimation gives the temporal dynamics, frequency and corresponding energy deposited by the epidemic. This work uses Wigner energy spectrum of the pandemic to derive spectral parameters namely energy membership probabilities, deviation from maximum spectral energy for all temporal and frequency deposits and the maximum energy spectral deposit as latent variables with EM algorithm for clustering different countries. The modified EM algorithm with two layer latent representations effectively captures the similarity in the temporal dynamics of different countries.;2020;Forecasting in Time Series (i9);
93;Accurate Characterization of Non-Uniformly Sampled Time Series using Stochastic Differential Equations;time series analysis, stochastic differential equations, parameter estimation, statistics;Non-uniform sampling arises when an experimenter does not have full control over the sampling characteristics of the process under investigation. Moreover, it is introduced intentionally in algorithms such as Bayesian optimization and compressive sensing. We argue that Stochastic Differential Equations (SDEs) are especially well-suited for characterizing second order moments of such time series. We introduce new initial estimates for the numerical optimization of the likelihood, based on incremental estimation and initialization from autoregressive models. Furthermore, we introduce model truncation as a purely data-driven method to reduce the order of the estimated model based on the SDE likelihood. We show the increased accuracy achieved with the new estimator in simulation experiments. Finally, we apply the new estimator to experimental rainfall variability data.;2020;Forecasting in Time Series (i9);
94;HybriDG: Hybrid Dynamic Time Warping and Gaussian Distribution Model for Detecting Emerging Zero-Day Microarchitectural Side-Channel Attacks;Side-Channel Attacks, Dynamic Time Warping, Gaussian Distribution, Zero-Day Attacks, Detection;Microarchitectural Side-channel Attacks (SCAs) benefit from emerging hardware vulnerabilities in modern microprocessors to steal critical information from users, posing great security threats to computer systems. Several recent studies have focused on using low-level features captured from built-in Hardware Performance Counter (HPC) registers to implement accurate Machine Learning (ML)-based SCAs detectors. Nonetheless, existing ML-based SCAs detectors required prior knowledge of attacks applications to detect the pattern of side-channel attacks using a variety of microarchitectural features. In particular, the existing solutions have ignored to address the challenge of detecting sophisticated unknown (zero-day) SCAs at run-time which is a more challenging issue in today's computer systems. In addition, prior works analyzed a limited number of ML classifiers without thoroughly evaluating the detection effectiveness and computational complexity of the detectors. In response, we propose HybriDG, a hybrid lightweight model consisting of Dynamic Time Warping (DTW) followed by a Gaussian distribution model to accurately detect both known and unknown emerging SCAs at run-time. Our experimental results demonstrate that HybriDG achieves 100% detection accuracy for known attacks and 99.5% detection accuracy for unknown attacks which is significantly outperforming traditional ML algorithms, deep learning, and time series classification models by up to 80% for unknown and 8% known attack detection.;2020;Forecasting in Time Series (i9);
95;LOCO: Logistics Objects in Context;Dataset, Object Detection, Logistics, Perception;Machine perception is a key challenge towards autonomous systems. Especially in the field of computer vision, numerous novel approaches have been introduced in recent years. This trend is based on the availability of public datasets. Logistics is one domain that could benefit from such innovations. Yet, there are no public datasets available. Accordingly, we create the first public dataset for scene understanding in logistics. The Logistics Objects in COntext (LOCO) dataset contains 39,101 images. In its first release there are 5,593 bounding-box annotated images. In total 151,428 instances of pallets, small load carriers, stillages, forklifts and pallet trucks were annotated. We also present and discuss our data acquisition approach which features enhanced privacy protection for workers. Finally, we provide an in-depth analysis of LOCO, compare it to other datasets (i.e. OpenImages and MS COCO) and show that it has far more annotations per image and also a considerably smaller annotation size. The dataset and future extensions will be available on our website (https://github.com/tum-fml/loco).;2020;Miscellanea 1 (d9);
96;Dense Broad Learning System with Proportional Integral Differential and Adaptive Moment Estimation;broad learning system, proportional-integral-differential, ridge regression, extreme learning machine, deep learning;Deep learning suffers from many notorious issues such as low convergence rate, over-fitting, and time-consuming. To alleviate these problems, an alternative learning framework with a non-iterative training mechanism named Broad Learning System (BLS) was proposed, which randomly assigns the parameters of hidden nodes and frozen them throughout the training process and then obtains its output weights using the ridge regression theory. This training method makes BLS have very high training efficiency. However, using ridge regression to solve the output weights cannot guarantee the stability of the solution in many cases, especially when the number of training samples is large, which may cause over-fitting and instability of BLS models. To solve this problem, we propose an improved BLS with a dense architecture and use the Proportional-Integral-Differential (PID) and Adaptive moment estimation (Adam) to replace the ridge regression operation. The new algorithm is called PID-A-DBLS, and its advantages include: 1) dense architecture can improve the feature extraction ability of the model;2020;Miscellanea 1 (d9);
97;Benchmarking Machine Learning Solutions in Production;Machine Learning, MLOps, Benchmark;Machine learning (ML) is becoming critical to many businesses. Keeping an ML solution online and responding is therefore a necessity, and is part of the MLOps (Machine Learning operationalization) movement. One aspect for this process is monitoring not only prediction quality, but also system resources. This is important to correctly provide the necessary infrastructure, either using a fully-managed cloud platform or a local solution. This is not a difficult task, as there are many tools available. However, it requires some planning and knowledge about what to monitor. Also, many ML professionals are not experts in system operations and may not have the skills to easily setup a monitoring and benchmarking environment. In the spirit of MLOps, this paper presents an approach, based on a simple API and set of tools, to monitor ML solutions. The approach was tested with 9 different solutions. The results indicate that the approach can deliver useful information to help in decision making, proper resource provision and operation of ML systems.;2020;Miscellanea 1 (d9);
98;Forecasting Rogue Waves in Oceanic Waters;rogue waves, nonlinear waves, spectral methods, random forest, machine earning;We present a novel approach for the prediction of Rogue Waves in oceans using Machine Learning methods. Since the ocean is composed of many wave systems, the change from a bimodal or multimodal directional distribution to unimodal one is taken as the warning criteria. Further, we explore various features that help in predicting Rogue Waves. The analysis of the results shows that the Spectral features are significant in predicting Rogue Waves. Finally, we propose a Random Forest Classifier based algorithm to predict Rogue Waves in oceanic conditions. For a range of windows, the proposed algorithm has accuracies between 89.57% and 91.81%, and the balanced accuracies between 79.41% and 89.03%. Moreover, we have also introduced the publicly available buoy dataset, which can serve as a benchmark dataset.;2020;Miscellanea 1 (d9);
99;Combining Temporal Event Relations and Pre-Trained Language Models for Text Summarization;Text Summarization, Transformers, Encoders, Abstractive Summarization, Extractive Summarization, Events;In this paper, we introduce an innovative high performing deep learning architecture for text summarization using pre-trained language models. Language model (LM) pre-training has provided an impressive performance on many of language understanding tasks. However, it remains much for experimentation to efficiently utilize these pre-trained models for specific tasks. We propose a novel architecture(ENEMAbst) effectively utilizing pre-trained LM MASS for summarization. We also propose that the use of temporal relations across event representations can significantly improve language generation and inference. We demonstrate experimentally that using events provides a more in-depth, comprehensive understanding of the text. We showcase how MASS, along with Event representations, can be used for summarization. We couple our Event-Network-Encoders(ENE) with MASS based document level encoders(MASSEnc) by attention augmenting MASSEnc with ENE. We devise an innovative fine-tuning schedule to train our Pretrained-Encoders and Pretrained-Decoders with ENE efficiently. We show empirically that our model performs best compared to state-of-the-art baseline methods for abstractive and extractive summarization. Our model provides 0.85 point improvement from 43.331 to 44.179 for abstractive summarization and 0.63 point improvement from 43.85 to 44.48 for extractive summarization on ROUGE-1 over the existing best performing models.;2020;Miscellanea 1 (d9);
100;Multi-Class Object Detection Using 2D Poses;2D Pose, Object Detection, Computer Vision;Object detection (OD) methods are finding application in various fields. The OD problem can be divided into two sub-problems, namely object classification and localization. While the former aims to answer the question what class a given object belongs to, the latter focuses on locating an object within a given image. For localization, both implicit representations, which border the object and its features (e.g. bounding boxes, polygons and masks), and explicit representations, which describe the object's pose in an image (e.g. 6D pose, keypoints), are used. The 2D pose is a simple, yet effective representation that has so far been overlooked. In this paper, we therefore motivate and formulate the use of 2D poses for object localization. Furthermore, we present RetinaNet-2DP, an anchor-based convolutional neural network (CNN) that is capable of detecting objects using 2D poses. To do so, we propose the idea of Anchor Poses and the Gaussian Kernel Distance as a similarity metric between poses. Experiments on the DOTA dataset and two robotics use cases from industry emphasize the performance of the network architecture and more generally demonstrate the potential of the proposed localization representation. Finally, we critically assess our findings and present an outlook of future work.;2020;Miscellanea 1 (d9);
101;A Collaborative Filtering Approach to Successfully Completing The Marathon;Marathon Running, Collaborative Filtering, Sports Analytics;For elite and recreational runners alike, preparing for the marathon is a complex problem. In this work, we propose a recommender system that is capable of helping runners devise a strategy for the marathon. Using high-resolution performance data from runners' training and race performance we recommend both a realistic target time for the marathon and use collaborative filtering techniques to generate a pacing plan that allows runners to achieve that time. We demonstrate that our recommendations are capable of helping runners attain their goal time, while also helping them avoid premature fatigue and hitting the wall during the course of the race.;2020;Miscellanea 1 (d9);
102;Distance-Based Multivariate Anomaly Detection in Wire Arc Additive Manufacturing;Anomaly Detection, Time Series, Multivariate, Additive Manufacturing, Machine Learning;Wire Arc Additive Manufacturing (WAAM) offers the possibility to build up large-scale metal parts. Data which is obtained from a multivariate sensor system in-situ must be analyzed automatically to ensure an early and reliable detection of defects to reduce the costs due to production scrap. For that reason, a modular anomaly detector for multivariate time series in WAAM was investigated in this paper. The approach adressed major topics in real-life data sets of industrial applications such as miscellaneous signal sample rates, lack of synchronization and concept drift. A reference data set based on an anomaly-dependently splitted time horizon was defined to reduce the sensitivity loss of the detector after an anomaly. To avoid the need for labeled data, an unsupervised anomaly detection method based on neural networks was used. Hence, no time and costs for artificial defect creation on the machine tool are required when implementing the approach in industrial applications.;2020;Miscellanea 1 (d9);
103;pReview: The Artificially Intelligent Conference Reviewer;conference review, automated paper review, computational criticism, computational creativity, statistical learning, AI, ML, paper review;Currently there are very few AI tools available to conference reviewers to support the academic process. In this paper we present a naive, first attempt at an automated conference reviewer called pReview. pReview provides a paper summary, contribution summary, writing quality analysis, and set of potential related works as well as an intellectual space visualization to aid the busy academics who volunteer their time as conference paper reviewers. To limit the plethora of ethical issues emerging when a computer is left to judge a human creation, pReview and future systems of this variety should be judiciously viewed as review support tools and never as a replacement for the traditional review process.;2020;Miscellanea 1 (d9);
104;On Analyzing COVID-19-related Hate Speech Using BERT Attention;hate-speech, online-hate, explanation, COVID-19, Twitter, BERT;"The emergence of COVID-19 has engendered a new wave of online hate speech in social media platforms such as Twitter. Its widespread effects range from acts of cyber-harassment towards certain ethnic communities (e.g., the Asian community), to targeting older people belonging to age groups correlated with higher mortality rates (termed infamously as ""Boomer Remover""). Thus, an urgent need arises for a timely mitigation of this new wave of online hate speech. In this work, we aim to discover the hate-related keywords linked to COVID-19 in hateful tweets posted on Twitter so that users posting such keywords can be asked to reconsider posting them. We first collect a new dataset of tweets targeting older people supplementing with a dataset targeting the Asian community. Then, we develop an approach to analyze the datasets with BERT (a transformer-based model) attention mechanism and discover 186 novel keywords targeting the Asian community and 100 keywords targeting older people. Based on our study, we then propose a control mechanism wherein a user can be asked to reconsider using certain sensitive words identified by our approach. We further perform an exploratory analysis of BERT attention mechanism and find that the most high-impact, long distance attentions are learned in the earlier or later layers of the model depending on the underlying data distribution. Our study indicates that the BERT model in some cases uses a hate keyword and an associated group or individual to make predictions, a finding that is inline with existing hate-speech research, which suggests that hate-speech is often aimed at certain groups or individuals.";2020;Miscellanea 1 (d9);
105;Real-World Multi-Domain Data Applications for Generalizations to Clinical Settings;Self-Supervised Learning, Transfer learning, Medical Imaging, Generalization, Multi-Domain Data;With promising results of machine learning based models in computer vision, applications on medical imaging data have been increasing exponentially. Deep learning models perform well when trained on standardized datasets from artificial settings. However, generalization and translation to real-world clinical settings are challenging. The complexity of real-world applications in healthcare emanates from different data distributions across multiple device domains, variations in image resolution, human errors, and the lack of manual grading. Moreover, healthcare applications not only suffer from scarcity in labeled data, but also face limited access to un-labeled data. These limitations pose additional challenges to developing translatable applications for clinical care. In this paper, we utilize self-supervised representation learning methods, formulated effectively in transfer learning settings, to address limited data availability and assess the importance of real-world data for generalizations to clinical settings. We show that by employing a self-supervised approach with transfer learning on a multi-domain real-world dataset, we can achieve 16% relative improvement on a standardized dataset over supervised baselines.;2020;Applications of Deep Learning (g12);
106;Robust Detection of Objects under Periodic Motion with Gaussian Process Filtering;object detection, periodic motion, Gaussian process;Object Detection (OD) is an important task in Computer Vision with many practical applications. For some use cases, OD must be done on videos, where the object of interest has a periodic motion. In this paper, we formalize the problem of periodic OD, which consists in improving the performance of an OD model in the specific case where the object of interest is repeating similar spatio-temporal trajectories with respect to the video frames. The proposed approach is based on training a Gaussian Process to model the periodic motion, and use it to filter out the erroneous predictions of the OD model. By simulating various OD models and periodic trajectories, we demonstrate that this filtering approach, which is entirely data-driven, improves the detection performance by a large margin.;2020;Applications of Deep Learning (g12);
107;Dual-encoder Bidirectional Generative Adversarial Networks for Anomaly Detection;anomaly detection, adversarial learning, generative adversarial network, encoder, cycle consistency, latent space, unsupervised learning, unbalanced datasets;Generative adversarial networks (GANs) have shown promise for various problems including anomaly detection. When anomaly detection is performed using GAN models that learn only the features of normal data samples, data that are not similar to normal data are detected as abnormal samples. The present approach is developed by employing a dual-encoder in a bidirectional GAN architecture that is trained simultaneously with a generator and a discriminator network. Through the learning mechanism, the proposed method aims to reduce the problem of bad cycle consistency, in which a bidirectional GAN might not be able to reproduce samples with a large difference between normal and abnormal samples. We assume that bad cycle consistency occurs when the method does not preserve enough information of the sample data. We show that our proposed method performs well in capturing the distribution of normal samples, thereby improving anomaly detection on GAN-based models. Experiments are reported in which our method is applied to publicly available datasets, including application to a brain magnetic resonance imaging anomaly detection system.;2020;Applications of Deep Learning (g12);
108;Finding and Segmenting Mathematical Equations in Students' Online Handwritten Assignments.;Online Handwritten Mathematical Expression Localization, Gated Recurrent Unit, Conditional Random Fields;In this paper, we tackle the problem of finding individual equations in students' handwritten assignments. Mathematical equations are the most abundant type of content in solutions to free-response problems in various academic subjects, particularly engineering and science. Finding the individual equations within a solution is an important step toward automated grading. We formulate this task as stroke classification and grouping problems. In the stroke classification problem, we classify each stroke as an equation or non-equation stroke. Stroke grouping is the task of identifying the equation strokes that belong to each equation. In this work, we present a GRU-CRF model that considers both intrinsic properties of the strokes and features computed from pairs of chronologically consecutive strokes. The method simultaneously classifies and groups strokes by computing labels for them. A chaining process is used to combine consecutively drawn equation strokes into equation groups. A binary classifier is then used to combine equation segments comprising single equations that were not written contiguously. We report the performance of our approach on a dataset of 1,060 pages written by 132 students that consists of 9,949 equations. Our approach can find 54% of the equations perfectly and finds an additional 16% with only a few mistakes.;2020;Applications of Deep Learning (g12);
109;MuSeM: Detecting Incongruent News Headlines using Mutual Attentive Semantic Matching;Incongruent News Headline Detection, Neural Attention, Clickbait Detection;Measuring congruence between two texts has several useful applications, such as detecting the prevalent deceptive and misleading news headlines on the web. Many works have proposed machine learning based solutions such as text similarity between the headline and body text to detect the incongruence. Text similarity based methods fail to perform well due to different inherent challenges such as relative length mismatch between the news headline and its body content and non-overlapping vocabulary. On the other hand, more recent works that use headline guided attention to learn a headline derived contextual representation of the news body also result in convoluting overall representation due to the news body's lengthiness. This paper proposes a method that uses inter-mutual attention-based semantic matching between the original and synthetically generated headlines, which utilizes the difference between all pairs of word embeddings of words involved. The paper also investigates two more variations of our method, which use concatenation and dot-products of word embeddings of the words of original and synthetic headlines. We observe that the proposed method outperforms prior-arts significantly for two publicly available datasets.;2020;Applications of Deep Learning (g12);
110;Lower Bounds for Adversarially Robust PAC Learning under Evasion and Hybrid Attacks;Adversarial Examples, Hybrid Attacks, PAC Learning;In this work, we study probably approximately correct (PAC) learning under general perturbation-based adversarial attacks. In the most basic setting, referred to as an evasion attack, the adversary's goal is to misclassify an honestly sampled point x by adversarially perturbing it into x̃, i.e., h(x̃) = ≠ c(x̃), where c is the ground truth concept and h is the learned hypothesis. The only limitation on the adversary is that x̃ is not “too far” from x, controlled by a metric measure. We first prove that for many theoretically natural input spaces of high dimension n (e.g., isotropic Gaussian in dimension n under ℓ2 perturbations), if the adversary is allowed to apply up to a sublinear amount of perturbations in the expected norm, PAC learning requires sample complexity that is exponential in the data dimension n. We then formalize hybrid attacks in which the evasion attack is preceded by a poisoning attack in which a poisoning phase is followed by specific evasion attacks. Special forms of hybrid attacks include so-called “backdoor attacks” but here we focus on the general setting in which adversary's evasion attack is only controlled by a pre-specified amount of perturbation based on data dimension and aim to misclassifying the perturbed instances. We show that PAC learning is sometimes impossible under such hybrid attacks, while it is possible without the attack (e.g., due to the bounded VC dimension).;2020;Applications of Deep Learning (g12);
111;Predicting purchase probability of retail items using an ensemble learning approach and historical data;Machine Learning, Prediction, Purchase probability, Retail, Historical data;Planning for stocking and supply chain management of retail markets is critical to ensure the high availability of retail items while reducing the risks of oversupply and overstocking. The ability to predict purchase probability of retail items accurately and efficiently is critical to enable such optimized supply chain management. In this paper, we use historical purchase data, carry out pre-processing, analysis, as well as build an ensemble learning-based model to efficiently predict purchase probability of retail items. The proposed ensemble learning model is composed of different segments utilizing Random Forests, Convolution Neural Networks, Extreme Gradient Boosting (XGBoost), and voting mechanism. Detailed evaluation of the proposed solution was carried out by analyzing accuracy, precision, F1 score, sensitivity, specificity, and more. The evaluation further included efficiency analysis, complexity analysis. The proposed solution performed better than the existing solutions, as shown in the evaluation.;2020;Applications of Deep Learning (g12);
112;Blockchain-Based Federated Learning Against End-Point Adversarial Data Corruption;federated learning, data corruption, blockchain, deep learning;With the approach of 5G Society, more and more devices have been connected to the Internet, where information is stored, analyzed, and shared. Federated learning allows participants to train a machine learning model through sharing the parameters of it based on local training, instead of raw private data at local. In this research, we propose the implementation of the blockchain in federated learning for local parameters evaluation and global parameter aggregation, thus alleviating the influence of end-point adversarial training data. Besides, all updates of local parameters are encrypted and stored in a block of the blockchain after the consensus by the committee. We evaluate the performance of the scheme when adopting various types of corruption to the adversary’s dataset, including noise with various degrees and circle occlusion with various diameters. At last, it shows robust and resilient performance compared with the traditional federated learning, achieving a validation accuracy rate of 0.957 when adding noise with a degree of 1.0, and one of 0.944 when adopting circle occlusion with a diameter of 28 pixels for the classification.;2020;Applications of Deep Learning (g12);
113;Federated Learning of Neural Network Models with Heterogeneous Structures;Ensemble learning, Federated learning, Decentralized dataset, Deep Neural Network;Federated learning trains a model on a centralized server using datasets distributed over a large number of edge devices. Applying federated learning ensures data privacy because it does not transfer local data from edge devices to the server. Existing federated learning algorithms assume that all deployed models share the same structure. However, it is often infeasible to distribute the same model to every edge device because of hardware limitations such as computing performance and storage space. This paper proposes a novel federated learning algorithm to aggregate information from multiple heterogeneous models. The proposed method uses weighted average ensemble to combine the outputs from each model. The weight for the ensemble is optimized using black box optimization methods. We evaluated the proposed method using diverse models and datasets and found that it can achieve comparable performance to conventional training using centralized datasets. Furthermore, we compared six different optimization methods to tune the weights for the weighted average ensemble and found that tree parzen estimator achieves the highest accuracy among the alternatives.;2020;Applications of Deep Learning (g12);
114;Learning Uncertainties in Wheel Odometry for Vehicular Localisation in GNSS Deprived Environments;Autonomous Vehicle Navigation, LSTM, Deep learning, Inertial Navigation System (INS), GPS outage, Wheel Speed;Inertial Navigation Systems (INS) are commonly used to localise vehicles in the absence of Global Navigation Satellite Systems (GNSS) signals. However, they are plagued by noises, which grow exponentially over time during the triple integration computation, leading to a poor navigation solution. We explore the wheel encoder as an alternative to the accelerometer of the INS for positional tracking, and for the first time investigate the capability of deep learning using the Long Short-Term Memory (LSTM) neural network to learn the uncertainty inherent in the wheel speed measurements. These uncertainties could be manifested as changes in the tyre size or pressure, or wheel slips as a result of worn out tyres or wet/muddy road drive. The proposed solution has less integration steps in its computation, therefore providing the potential for a more accurate positioning estimation. Through a performance evaluation on several challenging scenarios for vehicular driving, such as hard braking, quick changes in vehicular acceleration, and wet/muddy road driving, we show that the wheel speed-based positioning approach is able to achieve up to 81.46 % improvement compared to the INS accelerometer approach.;2020;Applications of Deep Learning (g12);
115;CRUFT: Context Recognition under Uncertainty using Fusion and Temporal Learning;Human Context Recognition, Mobile Ubiquitous and mobile computing, Deep Learning;Human context recognition (HCR), which involves determining a user's current situation (or context), has long been an important task in context-aware systems. With the widespread ownership of smartphones, HCR methods that utilize signals from its built-in sensors have recently received increased attention. We propose Context Recognition under label Uncertainty using Fusion and Temporal Learning (CRUFT), a novel method to recognize a diverse set of smartphone user contexts, including long-term human activities, short-term human activities, and phone placement (pocket or bag in which the smartphone is carried). Context recognition is formulated as a multi-label classification task. CRUFT uses both handcrafted features and auto-learned deep learning features extracted from raw time-series data in two separate arms. The handcrafted arm includes a Multi-Layer Perceptron (MLP), while the raw data arm utilizes a Convolutional Neural Network (CNN) along with a Bi-Directional Long Short Term Memory (Bi-LSTM) model that exploits temporal correlations in the input stream. As smartphone sensor readings, assigned timestamps, and labels can be wrong sometimes, CRUFT integrates an uncertainty module. CRUFT outperforms the state-of-the-art baselines achieving 94.25% in overall Balanced Accuracy (BA), which improves the best performing baseline by 2.7%. Our detailed analyses demonstrate the non-trivial contributions of each component in CRUFT.;2020;Applications of Deep Learning (g12);
116;Forecasting Attrition from the Canadian Armed Forces using Multivariate LSTM;Time series, forecast, LSTM, military;Using 15 years of monthly release volume of Canadian Armed Forces Regular Force members, we showed that a Long Short-Term Memory (LSTM) multivariate machine learning model performs better than univariate statistical models (Holt-Winters) for the same number of observations. For a 3-year forecast, our data supports a prediction error of less than 0.5%.;2020;Applications of Deep Learning (g12);
117;Using Undersampling with Ensemble Learning to Identify Factors Contributing to Preterm Birth;Machine Learning, Preterm Birth;In this paper, we propose Ensemble Learning models to identify factors contributing to preterm birth. Our work leverages a rich dataset collected by a NIEHS P42 Center that is trying to identify the dominant factors responsible for the high rate of premature births in northern Puerto Rico. We investigate analytical models addressing two major challenges present in the dataset: 1) the significant amount of incomplete data in the dataset, and 2) class imbalance in the dataset. First, we leverage and compare two types of missing data imputation methods: 1) mean-based and 2) similarity-based, increasing the completeness of this dataset. Second, we propose a feature selection and evaluation model based on using undersampling with Ensemble Learning to address class imbalance present in the dataset. We leverage and compare multiple Ensemble Feature selection methods, including Complete Linear Aggregation (CLA), Weighted Mean Aggregation (WMA), Feature Occurrence Frequency (OFA) and Classification Accuracy Based Aggregation (CAA). To further address missing data present in each feature, we propose two novel methods: 1) Missing Data Rate and Accuracy Based Aggregation (MAA), and 2) Entropy and Accuracy Based Aggregation (EAA). Both proposed models balance the degree of data variance introduced by the missing data handling during the feature selection process, while maintaining model performance. Our results show a 42% improvement in sensitivity versus fallout over previous state-of-the-art methods.;2020;Applications of Deep Learning (g12);
118;N-BEATS-RNN: deep learning for time series forecasting;Time series forecasting, M4 competition, deep learning, neural architecture search, weight sharing;This work presents N-BEATS-RNN, an extended version of an existing ensemble of deep learning networks for time series forecasting, N-BEATS. We apply a state-of-the-art Neural Architecture Search, based on a fast and efficient weight-sharing search, to solve for an ideal Recurrent Neural Network architecture to be added to N-BEATS. We evaluated the proposed N-BEATS-RNN architecture in the widely-known M4 competition dataset, which contains 100,000 time series from a variety of sources. N-BEATS-RNN achieves comparable results to N-BEATS and the M4 competition winner while employing solely 108 models, as compared to the original 2,160 models employed by N-BEATS, when composing its final ensemble of forecasts. Thus, N-BEATS-RNN's biggest contribution is in its training time reduction, which is in the order of 9x compared with the original ensembles in N-BEATS.;2020;Applications of Deep Learning (g12);
119;Partly Supervised Multi-Task Learning;semi-supervised learning, multi-task learning, self-supervision, classification, segmentation, X-ray, spine, chest;Semi-supervised learning has recently been attracting attention as an alternative to fully supervised models that require large pools of labeled data. Moreover, optimizing a model for multiple tasks can provide better generalizability than single-task learning. Leveraging self-supervision and adversarial training, we propose a novel, general purpose semi-supervised, multiple-task model-namely, self-supervised, semi-supervised, multi-task learning (S4MTL)-for accomplishing two important medical image analysis tasks: segmentation and diagnostic classification. Experimental results on chest and spine X-ray datasets confirm that our S4MTL model significantly outperforms semi-supervised single-task, semi/fully-supervised multi-task, and fully-supervised single-task models, even with a 50% reduction in class and segmentation labels.;2020;Miscellanea 2 (c12);
120;Towards Machine Learning Explainability in Text Classification for Fake News Detection;Fake news, Deep learning, Explainability;The digital media landscape has been exposed in recent years to an increasing number of deliberately misleading news and disinformation campaigns, a phenomenon popularly referred as fake news. In an effort to combat the dissemination of fake news, designing machine learning models that can classify text as fake or not has become an active line of research. While new models are continuously being developed, the focus so far has mainly been aimed at improving the accuracy of the models for given datasets. Hence, there is little research done in the direction of explainability of the deep learning (DL) models constructed for the task of fake news detection.In order to add a level of explainability, several aspects have to be taken into consideration. For instance, the pre-processing phase, or the length and complexity of the text play an important role in achieving a successful classification. These aspects need to be considered in conjunction with the model's architecture. All of these issues are addressed and analyzed in this paper. Visualizations are further employed to grasp a better understanding how different models distribute their attention when classifying fake news texts. In addition, statistical data is gathered to deepen the analysis and to provide insights with respect to the model's interpretability.;2020;Miscellanea 2 (c12);
121;DEDPUL: Difference-of-Estimated-Densities-based Positive-Unlabeled Learning;Positive-Unlabeled Classification, Mixture Proportions Estimation, Semi-Supervised Learning, Density Estimation;Positive-Unlabeled (PU) learning is an analog to supervised binary classification for the case when only the positive sample is clean, while the negative sample is contaminated with latent instances of positive class and hence can be considered as an unlabeled mixture. The objectives are to classify the unlabeled sample and train an unbiased positive-negative classifier, which generally requires to identify the mixing proportions of positives and negatives first. Recently, unbiased risk estimation framework has achieved state-of-the-art performance in PU learning. This approach, however, exhibits two major bottlenecks. First, the mixing proportions are assumed to be identified, i.e. known in the domain or estimated with additional methods. Second, the approach relies on the classifier being a neural network. In this paper, we propose DEDPUL, a method that solves PU Learning without the aforementioned issues. The mechanism behind DEDPUL is to apply a computationally cheap postprocessing procedure to the predictions of any classifier trained to distinguish positive and unlabeled data. Instead of assuming the proportions to be identified, DEDPUL estimates them alongside with classifying unlabeled sample. Experiments show that DEDPUL outperforms the current state-of-the-art in both proportion estimation and PU Classification and is flexible in the choice of the classifier.;2020;Miscellanea 2 (c12);
122;Audio-based Depression Screening using Sliding Window Sub-clip Pooling;Depression Screening, Machine Learning, Audio Signals, Sub-clips, Mental Health, Voice Prediction;Due to the proliferation of voice-enabled smart devices, voice has become a prevalent mode for humans to interact with machines. This availability of voice clips creates the opportunity for leveraging machine learning methods to automate screening of mental health disorders such as depression. However, as human voice contains a variety of signals, depression indicators may not be sustained throughout a conversation. Also, due to privacy concerns, depression labeled voice datasets often have a limited number of participants. To tackle depression screening from voice, we propose Sliding Window Sub-clip Pooling (SWUP), an audio classification method suited for small datasets. SWUP incorporates elements of deep learning methods with traditional machine learning to achieve higher classification accuracy for smaller datasets while still offering the interpretability of traditional models. SWUP focuses on voice sub-clips, thus detecting depression signals as they occur during speech. By dividing parent voice clips into sub-clips, a pooling methodology is utilized to increase the accuracy of the parent clip classification. We apply SWUP to benchmark as well as crowd-sourced datasets achieving a F1 of 0.735 when predicting depression screening survey scores using only the audio modality. SWUP demonstrates the feasibility of machine learning to automate depression screening from voice.;2020;Miscellanea 2 (c12);
123;Using Text Analytics on Reflective Journaling to Identify Cultural Capitals for STEM Students;Educational Text Analytics, Community Cultural Wealth, Reflective Journal Analysis, BERT;Alma project focuses on retention of Historically Underrepresented (HU) students in STEM fields by affirming their cultural capitals (skills, knowledge, communities, and abilities that students possess). Students are asked to write reflective journals on prompts such as `Why am I here?' to reminds them of their cultural capitals, and career aspirations. These essays are then analyzed by the Alma team to identify mentions of cultural capital themes (CCT) such as Attainment (describes a tangible goal), or First Generation (identifies student being first in family to attend college). However, detecting these CCTs in student essays is a labor intensive task. Our work offers a computational solution that is scalable and effective for this problem. We propose TACCTI (pronounced as Tacit), Text analysis and mAchine learning for Cultural Capital Theme Identification - a computational framework that employs latest developments in natural language processing and machine learning to identify instances of cultural capital themes in student essays. An empirical evaluation using Logistic Regression, Random Forest, LSTM, and BERT algorithms for the task of detecting presence (or absence) of Attainment CCT provides F1 scores of 0.82, 0.81, 0.84, and 0.92, respectively. Classification models for detecting First Generation CCT demonstrate that when limited training data is available, the traditional classification algorithms outperform deep learning based approaches - Logistic Regression and BERT models offer effectiveness of 0.91 and 0.83, respectively. Additional analysis demonstrates that word embeddings and named entity type of features (signals) have the highest influence on the performance of the classification models.;2020;Miscellanea 2 (c12);
124;Application of Machine Learning to Gasoline Direct Injection Systems: Towards a Data-Driven Development;Knowledge Discovery, Machine Learning Application, Data-Driven Development, Gasoline Direct Injection;The physical phenomena occurring before, during and after the combustion in Gasoline Direct Injection engines are complex and include multiple interactions between liquids and gases. In the past years, several simulation tools and measurement techniques have been developed in order to understand and optimize the components involved in the engine combustion processes. However, due to strong non-linear and multidimensional implied problems, a huge effort is required in the analysis of the generated data and in the study of the most influencing factors. In the current paper the design space of multi-hole high-pressure injectors is explored and exploited using Machine Learning techniques. Data generated with 3D Computational Fluid Dynamics (CFD) simulations are explored through feature importance and partial dependencies in order to identify how the variations of injector valve seat geometry influence the spray characteristics. Afterwards, the trained models are exploited in order to discover new designs able to achieve predefined objectives and performance, avoiding large amount of expensive and time consuming simulations.;2020;Miscellanea 2 (c12);
125;Resource Management in Cloud Computing Using Machine Learning: A Survey;resource management, cloud computing, machine learning;Efficient resource management in cloud computing research is a crucial problem because resource over-provisioning increases costs for cloud providers and cloud customers;2020;Miscellanea 2 (c12);
126;Machine Learning Fairness in Justice Systems: Base Rates, False Positives, and False Negatives;machine learning, false positives, false negatives, fairness, equity, race;Machine learning best practice statements have proliferated, but there is a lack of consensus on what the standards should be. For fairness standards in particular, there is little guidance on how fairness might be achieved in practice. Specifically, fairness in errors (both false negatives and false positives) can pose a problem of how to set weights, how to make unavoidable tradeoffs, and how to judge models that present different kinds of errors across racial groups. This paper considers the consequences of having higher rates of false positives for one racial group and higher rates of false negatives for another racial group. The paper examines how different errors in justice settings can present problems for machine learning applications, the limits of computation for resolving tradeoffs, and how solutions might have to be crafted through courageous conversations with leadership, line workers, stakeholders, and impacted communities.;2020;Miscellanea 2 (c12);
127;Pixel-Level Feature Space Modeling and Brain Tumor Detection Using Machine Learning;Brain tumor, Laplacian features, support vector machines, random forest, artificial neural networks;We present a feature learning technique that enhances the performance of a machine learning technique to detect brain tumor regions at pixel-level in a magnetic resonance imaging (MRI) brain scan. This technique utilizes the image filtering based feature extraction techniques (e.g., Laplacian, Gradient, and Sobel filters) to construct a feature space. It then maps the feature space to a response set that has predefined labels (manual or automated). Feature space and the response set are constructed using a reference frame of a volumetric MRI brain scan, and then used for developing a ML model. We applied the learned models, as the automated techniques to other frames of the MRI scan for detecting tumor and non-tumor regions. We adapted the Brain Tumor Segmentation (BraTS 2015) datasets to develop and validate the proposed computational framework. We also used the ground truth labels (or response sets) delivered by the BraTS 2015 datasets. We evaluated the support vector machine (SVM), random forest (RF), and artificial neural network (ANN) models using various quantitative and qualitative measures. We determined, based on precision-recall curve, that the RF model acquired 92% of the tumor detection skills of a perfect model, while ANN and SVM acquired 90% and 88% tumor detection skills of a perfect model.;2020;Miscellanea 2 (c12);
128;A Methodology for Estimating Hospital Intensive Care Unit Length of Stay Using Novel Machine Learning Tools;tidymodels, prediction, electronic health records, ICU, length of stay;In this work we investigate the use of electronic health records (EHR) to explore length of stay (LOS) prediction models using machine learning methods. We use the Medical Information Mart for Intensive Care, version 3 (MIMIC-III) dataset, developed by the Massachusetts Institute of Technology (MIT) Lab for Computational Physiology. In this study we focus on the implementation of supervised learning algorithms that classify the patients in three different LOS ranges considering the underlying relationship between the patient hospital stay and several other attributes available in the MIMIC-III dataset. The use of a modern, consistent, and unifying framework for machine learning modeling allows for fair comparison and stable implementations of the different supervised learning techniques considered for LOS estimation. Tree-based models and maximum margin classifiers show reasonable accuracy when predicting patient LOS in a subset of observations for a group of patients with a respiratory disease.;2020;Miscellanea 2 (c12);
129;Districts by Demographics: Predicting U.S. House of Representative Elections using Machine Learning and Demographic Data;Representation,Machine Learning,Naïve Bayes,Support Vector Machines,Logistic Regression,Decision Trees,Random Forests,Congress,Demographics,Elections;Using a selection of machine learning methods and characteristic demographics of U.S. Congressional districts, we aim to determine if party outcome of a House election can be predicted from the demographics of the corresponding district. Utilizing demographics from the Census Bureau's annual American Community Survey and training models on these features we show that while it is possible to predict with high accuracy the party elected in a district, the strongest predictor remains the incumbent party. Further, we observe that certain demographic characteristics such as race and education have much stronger predictive power than age, income, and marital status. Nonetheless, even these weak predictors can enhance model accuracy when properly combined. We also consider model interpretability and informativeness, focusing on decision trees.;2020;Miscellanea 2 (c12);
130;Enhance CNN Robustness Against Noises for Classification of 12-Lead ECG with Variable Length;ECG, CNN, robustness, adversarial noises;Electrocardiogram (ECG) is the most widely used diagnostic tool to monitor the condition of the cardiovascular system. Deep neural networks (DNNs), have been developed in many research labs for automatic interpretation of ECG signals to identify potential abnormalities in patient hearts. Studies have shown that given a sufficiently large amount of data, the classification accuracy of DNNs could reach human-expert cardiologist level. However, despite of the excellent performance in classification accuracy, it has been shown that DNNs are highly vulnerable to adversarial noises which are subtle changes in input of a DNN and lead to a wrong class-label prediction with a high confidence. Thus, it is challenging and essential to improve robustness of DNNs against adversarial noises for ECG signal classification -a life-critical application. In this work, we designed a CNN for classification of 12-lead ECG signals with variable length, and we applied three defense methods to improve robustness of this CNN for this classification task. The ECG data in this study is very challenging because the sample size is limited, and the length of each ECG recording varies in a large range. The evaluation results show that our customized CNN reached satisfying F1 score and average accuracy, comparable to the top-6 entries in the CPSC2018 ECG classification challenge, and the defense methods enhanced robustness of our CNN against adversarial noises and white noises, with a minimal reduction in accuracy on clean data.;2020;Miscellanea 2 (c12);
131;Accelerated Deep Learning on HPCC Systems;GPU acceleration, parallel computing, neural network, deep learning, HPCC Systems;Modern deep learning architectures are computationally expensive to train due to their size, complexity, and the data they typically train on. There are different approaches to accelerate the training process. Using graphics processing units (GPUs) to accelerate deep learning is an increasingly effective and accessible way for researchers to train large neural networks in a fraction of the time. In this paper, we trained neural networks on High-Performance Computing Cluster (HPCC) Systems Platform using GPU acceleration with a novel implementation that combines widely used neural network libraries and the HPCC Systems Platform. This is the first work that uses GPU acceleration on HPCC Systems and is the first to demonstrate the effectiveness of using single and multiple GPUs with HPCC Systems. We provide experiments that measure the performance increase in training time as compared to only using central processing units (CPUs). The experiments trained a convolutional neural network on image data and a multilayer perceptron trained on a Medicare fraud detection dataset, using both single and multiple GPUs to accelerate the training process. Our results show that although GPU usage does not always guarantee a significant performance increase, using one or more GPUs does generally decrease the required training time.;2020;Deep Learning (2) (j21);
132;Detection of Reckless Driving using Deep Learning;Transfer_learning, Trajectory_Analysis, Dent_Detection, Rash driving;Reckless driving has always been a major concern for people. Every year it results in collisions and casualties. It is important to develop an automated system that detects reckless driving on highways. In order to overcome this issue, a new Deep Leaning system is designed that detects rash driving and notifies the concerned authority to take necessary action. The proposed system has two main modules: (i) Extracting the trajectory and (ii) Detecting the dents in the vehicle body. Our proposed model demonstrates the promising results in detecting the rash driving. We validated our results using YouTube videos with promising accuracy.;2020;Deep Learning (2) (j21);
133;Deep Learning based Time Series Forecasting;time series, deep learning, forecasting, survey;For decision-makers in the forecasting sector, decision processes like planning of facilities, an optimal day-to-day operation within the domain etc., are complex with several different levels to be considered. These decisions address widely different time horizons and aspects of the system, making it difficult to model. The advent of deep learning in forecasting solved the need for expensive hand-crafted features and deep domain knowledge. The work aims at giving a structure to the existing literature for time-series forecasting in deep learning. Based on the underlying structures of the technique, such as RNN, CNN, and Transformer, we have categorized various deep learning-based time series forecasting techniques and provided a consolidated report. Additionally, we have performed experiments to compare these techniques on 4 different publicly available datasets. Finally, based on these experiments, we provide an intuitive reasoning behind these performances. We believe that this work shall help the researchers in choosing relevant techniques for future research.;2020;Deep Learning (2) (j21);
134;DEAL: Deep Evidential Active Learning for Image Classification;Active Learning, Convolutional Neural Net-works, Deep Learning, Theory of Evidence, Uncertainty;Convolutional Neural Networks (CNNs) have proven to be state-of-the-art models for image classification. However, large labeled data sets are generally needed for the training and validation of such models. In many domains, unlabeled data is available but labeling is expensive, for instance when specific expert knowledge is required. Active Learning (AL) is one approach to mitigate the problem of limited labeled data. Through selecting the most informative and representative data instances for labeling, AL can contribute to more efficient learning of a model. Recent AL methods for CNNs propose different solutions for the selection of such instances. However, they do not perform consistently well and are often computationally expensive. In this paper, we propose a novel AL algorithm that efficiently learns from unlabeled data by capturing high prediction uncertainty. By replacing the softmax standard output of a CNN with the parameters of a Dirichlet density, the model learns to identify data instances that contribute efficiently to improving model performance during training. We demonstrate in several experiments with publicly available data that our method consistently outperforms other state-of-the-art AL approaches. It can be easily implemented and does not require extensive computational resources for training. Additionally, we are able to show the benefits of the approach on the real-world medical use case of pneumonia detection in chest X-ray images. We encourage readers to consult the extended manuscript on the arXiv.;2020;Deep Learning (2) (j21);
135;Resource-aware On-device Deep Learning for Supermarket Hazard Detection;;Supermarkets need to implement safety measures to create a safe environment for shoppers and employees. Many of these injuries, such as falls, are caused by a lack of safety precautions. Such incidents are preventable by timely detection of hazardous conditions such as undesirable objects on supermarket floors. In this paper, we describe EdgeLite, a new lightweight deep learning model specifically designed for local and fast inference on edge devices which have limited memory and compute power. We show how EdgeLite was deployed on three different edge devices for detecting hazards in images of supermarket floors. On our dataset of supermarket floor hazards, EdgeLite outperformed six state-of-the-art object detection models in terms of accuracy when deployed on the three small devices. Our experiments also showed that energy consumption, memory usage, and inference time of EdgeLite were comparable to that of the baseline models. Based on our experiments, we provide recommendations to practitioners for overcoming resource limitations and execution bottlenecks when deploying deep learning models in settings involving resource-constrained hardware.;2020;Deep Learning (2) (j21);
136;Generalization of iterative sampling in autoencoders;Iterative sampling, autoencoders, denoising au-toencoders, reinjection, sampling;Generative autoencoders are designed to model a target distribution with the aim of generating samples and it has also been shown that specific non-generative autoencoders (i.e. contractive and denoising autoencoders) can be turned into generative models using reinjections (i.e. iterative sampling). In this work, we provide mathematical evidence that any autoencoder reproducing the input data with a loss of information can sample from the training distribution using reinjections. More precisely, we prove that the property of modeling a given distribution and sampling from it not only applies to contractive and denoising autoencoders but also to all lossy autoencoders. In accordance with previous results, we emphasize that the reinjection sampling procedure in autoencoders improves the quality of the sampling. We experimentally illustrate the above property by generating synthetic data with non-generative autoencoders trained on standard datasets. We show that the learning curve of a classifier trained with synthetic data is similar to that of a classifier trained with original data.;2020;Deep Learning (2) (j21);
137;Estimating the Effect of General Health Checkup Using Uncertainty Aware Attention of Deep Instrument Variable 2-Stage Network;Attention, uncertainty, interpretability, pruning, instrumental variable, general health check;To prevent diseases and reduce medical spending, many countries conduct general health checks while their effectiveness remains controversial. People voluntarily decide whether to participate in general health checks and, if ignored, this generates an endogeneity problem in the estimation of the effect of general health checks. In econometrics and statistics, instrumental variables are used to tackle this problem but classical approaches are oftentimes limited to capturing simple linear associations and overlook more complex nonlinear relationships among variables. To overcome this problem, we propose deep neural networks with two-stage structure that contains uncertainty aware attention. By using the proposed approach, we can fully leverage meaningful relationships among variables and handle the endogeneity problem while maintaining interpretable characteristics of the model. After the bias correction, we show that the effect of health checks on medical expenses turns out to be small. We also explore a pruning approach where the uncertainty of attention is used as a pruning criterion, which is analogous to the statistical significance in classical statistics. We find that the model performance improves without retraining when the proposed pruning is applied.;2020;Deep Learning (2) (j21);
138;Deduplication of Advertisement Assets Using Deep Learning Ensembles;CNN, Siamese Networks, Image Similarity, SIFT, DenseNets;Creative image deduplication is the process of detecting similar images among digital advertisement assets. We evaluated a novel ensemble of DenseNet based Siamese Network and Scale Invariant Feature Transformation (SIFT) which is able to outperform both individually. Our approach also outperforms a state-of-the-art model on the desired metrics in the adtech world. The evaluation was carried upon the advertisement assets of a major ad-network. Due to the difficulty in acquiring labelled images for the training dataset, we also present a novel strategy for semi-automatically generating labels.;2020;Deep Learning (2) (j21);
139;Predicting Residential Energy Consumption Using Wavelet Decomposition With Deep Neural Network;convolutional neural network, deep neural network, energy consumption prediction, wavelet decomposition;Electricity consumption is accelerating due to economic and population growth. Hence, energy consumption prediction is becoming vital for overall consumption management and infrastructure planning. Recent advances in smart electric meter technology are making high-resolution energy consumption data available. However, many parameters influencing energy consumption are not typically monitored for residential buildings. Therefore, this study's main objective is to develop a data-driven energy consumption forecasting model (next-hour consumption) for residential houses solely based on analyzing electricity consumption data. This research proposes a deep neural network architecture that combines stationary wavelet transform features and convolutional neural networks. The proposed approach utilizes automatically extracted features from smart-meter readings by applying wavelet decomposition, convolution, and pooling operations. This study's findings have demonstrated the advantage of integrating wavelet features with convolutional neural networks to improve forecasting accuracy while automating feature extraction.;2020;Deep Learning (2) (j21);
140;Malware Classification using Recurrence Plots and Deep Neural Network;Malware Classification, Deep Learning, Recurrence Plots, Visualization, Static Analysis;In this paper, we introduce a method for visualizing and classifying malware binaries. A malware binary consists of a series of data points of compiled machine codes that represent programming components. The occurrence and recurrence behavior of these components is determined by the common tasks malware samples in a particular family carry out. Thus, we view a malware binary as a series of emissions generated by an underlying stochastic process and use recurrence plots to transform malware binaries into two-dimensional texture images. We observe that recurrence plot-based malware images have significant visual similarities within the same family and are different from samples in other families. We apply deep CNN classifiers to classify malware samples. The proposed approach does not require creating malware signature or manual feature engineering. Our preliminary experimental results show that the proposed malware representation leads to a higher and more stable accuracy in comparison to directly transforming malware binaries to gray-scale images.;2020;Deep Learning (2) (j21);
141;An Efficient Pipeline for Pruning Convolutional Neural Networks;Network Pruning, Efficient Processing, Convolutional Neural Networks;Network pruning has achieved significant success in compressing and accelerating CNNs. However, the existing three-step iterative pipeline, which includes ranking, pruning, and fine-tuning, is extremely computationally expensive due to the feed-forward and back-propagation operations conducted in both the ranking and fine-tuning steps. In this paper, we present a computationally efficient framework for structured pruning by exploring the potential of leveraging the intermediate results generated during the fine-tuning step to rank the importance of filters and thus converting a three-step pipeline (with precise ranking) to a two-step pipeline (with coarse ranking), resulting in significant savings in computation time while achieving comparable performance in terms of classification accuracy as compared to the state-of-the-art. The proposed method is evaluated with various benchmark architectures and datasets for the image classification task. Experimental results show that the proposed approach can achieve superior performance in computation efficiency while maintaining the same accuracy level. Our approach would largely facilitate pruning practice, especially on resource-constrained platforms.;2020;Deep Learning (2) (j21);
142;Improving the Donor Journey with Convolutional and Recurrent Neural Networks;machine learning, charity, deep learning;Charities are constantly trying to decide what action they should take next with each constituent (person) in their database to encourage a donation. One way to make this decision is to use machine learning to build a model based on constituents' past actions, and use that model to choose which action to take next. This has been done in the past by using a fixed window of a constituent's previous actions, and by using the parameters of the emails involved with each action. Using this method, recurrent neural networks (RNNs) were able to learn a model that could predict donations within $25 of the ground truth for one charity. Building upon this work, we experimented with RNNs and convolutional neural networks (CNNs), as well as with various sized windows of previous actions, adding features describing constituents to the data, and anonymously combining data sets. RNNs showed similar performance, while CNNs dropped the mean squared error for one charity to $16, providing charities with an improved tool to choose actions and email parameters in order to maximize donations.;2020;Deep Learning (2) (j21);
143;Real Time Data Science Decision Tree Approach to Approve Bank Loan from Lawyer's Perspective.;Decision Tree, Data Mining, Loan Processing, Real Time Analysis, Lawyer Perspective;"Information technology, Digital Services using API, Artificial Intelligence, Data Science, Mobile banking, Automation spawn tremendous contribution in the direction of growing the efficiency, increasing huge number of customers, advance eminence customer services to most banking business application processes. With the enhancement in the banking sector lots of people are applying for bank loans Individual, Mortgage Loans, House loans, Apartment loans, Agriculture loans. These days bank managers and lawyers are facing abounding complications to sanction a loan by perceiving previous 30 years of link documents for specific site for house loan. For the most part from lawyer's perspective, to sanction legal approval, he must have to verify all bulk bundles of Registration documents, link connectivity, Identifying miss matches of sale deeds, owner relationships, family member certificates, death certificates, Re-registrations on same land, verifying any Hostage lands previously. In order to do the total procedure, lawyers may grasp three months span of time to extract conclusions by studying all documents based on project cost and litigations based on lands and it may vary according to project capital of Investment. In this project, we are trying to turn down the risk factor, computational time, ill- assorted Registration documents and Cross verification of all edge communications to make decisions to sanction the loan from lawyers, Bank Mangers, legal perspective and approve loan efficiently within stipulated time using decision tree approach of "" Real Time Data Science Decision Tree Approach To Approve Bank Loan From Lawyer Perspective"". we incorporated PHP, Python, XAMPP Web server, HTML, Data Science Decision tree approach to make lawyers decisions for legal approval within fraction of two minutes by entering all the document details into a database. we also incorporated execution results and discussed efficiency of proposed system with multiple scenarios.";2020;SS: Machine Learning Applications in Education (w 10);
144;Product Recommendation System for Supermarket;recommendation system, collaborative filtering, cosine similarity, association rule mining, correlation;Customers who seek the services at supermarkets are subjected to inconsistencies & ambiguities over choosing their desired products from a wide range of products with the closest quality. Meanwhile, supermarkets find it very difficult to satiate the customers' demand. Therefore, proposing a method to analyze the customers' need plays an important role in attracting new and regular customers. The purpose of this study is to formulate a product recommendation system which analyze customers' needs and thus recommend the best products. This system recommends products to the regular customers and to the new customers as well. New customers mean obviously the customers with no purchasing history at the supermarket in question. The system referred to recommends the products to the new customers using up two methods. One method recommends the most popular products while the other method solely focuses on the product description for recommendation. The system recommends the products to the regular customers using up user-based collaborative filtering, item based collaborative filtering and association rule mining. It recommends products to regular customers based on purchasing history and priority ratings given by other users who bought the products. Initially, the recommendation algorithm finds a set of customers who purchased and rated the products that overlap with the user who purchased and rated the products. The algorithm aggregates products from the customers with similar preference and eliminates the products the user has already purchased or rated. The proposed methodology improves the shopping experience of customers by recommending accurately and efficiently the products that are personalized to the need of the customers.;2020;SS: Machine Learning Applications in Education (w 10);
145;Valid Prediction Intervals for Course Grades with Conformal Prediction;Grade prediction, conformal prediction, frequentist coverage, informational efficiency;Conformal prediction is a statistical-learning framework that complements predictions with a reliable measure of confidence [22]. It allows the construction of prediction intervals for any type of regression models under the assumption that the data are exchangeable. Conformal prediction intervals have provably valid frequentist coverage for finite data;2020;SS: Machine Learning Applications in Education (w 10);
146;A Hierarchical Bayesian IRT Analysis of Children's Risk Propensity. ;Bayesian, IRT model, Risk Propensity, Working Memory, Executive Function;The Children's Risk Utility Measure (CRUM) is an interactive, modified version of the Balloon Analogue Risk Task (BART) that is appropriate for young children. This paper utilizes a Bayesian IRT model (an extension of logistic regression) to examine the impact of subject-level characteristics (age, working memory, inhibitory control) and trial-level characteristics (e.g. block, order, etc.) on the performance of children ages 3-6 years on the CRUM. The Bayesian model is especially helpful when performing IRT models-which have many parameters-on small data sets. The order of the trials was not associated with lower difficulty, indicating that children's performance remained steady as the task went on. Working memory performance was negatively associated with children's latent CRUM performance, while high scores on an inhibitory control task were positively related to child's latent CRUM performance. Age and the interaction of age with working memory performance were both negligible effects. The IRT model was an effective way to estimate latent CRUM performance.;2020;SS: Machine Learning Applications in Education (w 10);
147;A Survey of Biometric and Machine Learning Methods for Tracking Students' Attention and Engagement.;Attention, Education, Biometrics, Machine Learning, Automation;"The skills of focusing and paying attention are critical to student learning. According to Piontkowski et al. [40], ""Educators often talk about attention as a general mental state in which the mind focuses on some special feature of the environment. As such, attention is considered essential for learning. It is hard to believe that the student who disregards instruction will benefit from it. Thus, the teacher needs reliable signs of the student's state of attention.""It is challenging, however, for instructors to ascertain signs of student attention in large classrooms with many students. Additional challenges arise in online classrooms, which often limit instructors to watching students' body language in video feeds, where they cannot see, for example, distractions in the students' environment. Biometrics and machine learning approaches can help instructors evaluate their students' level of attentiveness in both physical and online classrooms and introduce appropriate interventions to improve learning outcomes. Although the field of automated attention tracking research is steadily amassing new publications, no survey works have charted the progress of research or encouraged new research. We have filled this gap with this survey of salient works that use biometrics and machine learning to track attention. Specifically, we focus on discussions and analyses of methods that use eye gazing, facial movements and expressions, behavioral biometrics such as body movements, analyses of brainwave signals and psychological states, and multimodal biometrics. We conclude with a discussion of promising future research directions with focus on multimodal biometric techniques.";2020;SS: Machine Learning Applications in Education (w 10);
148;Deep Learning Based Vehicle Detection From Aerial Images;vehicle detection, deep learning, machine learning, image processing;With the help of today's developing technology;2020;SS: Machine Learning Applications in Education (w 10);
149;What are they Reporting? Examining Student Cybersecurity Course Surveys through the Lens of Machine Learning;cybersecurity, digital forensics, course surveys, machine learning, natural language processing (NLP), content-classification, course obstacles, course improvements, course benefits, qualitative analysis, ABET, NSA, DoD, continual course improvement;This paper examines IRB-approved student surveys across five cybersecurity and digital forensics courses during Spring 2020 for the benefit of continual course improvement for regulatory requirements such as the Accreditation Board for Engineering and Technology (ABET) (re)accreditation. There is very little research on qualitative machine-learning based methods for the analysis of student feedback in cybersecurity courses, if any courses. This research fills the literature gap by analyzing the feedback from 114 open-ended surveys across five cybersecurity and digital forensic courses to categorize areas of course improvement. To gain insights into the qualitative survey feedback, we employed term frequency-inverse document frequency (TF-IDF) with a K-Means clustering algorithm on cleaned and pre-processed survey data. This methodology provides more useful insights for curriculum developers than a standard sentiment analysis. The methodology can be further extended to be directly integrated into continual course improvement (e.g. ABET, NSA, DoD, etc.) indicators.;2020;SS: Machine Learning Applications in Education (w 10);
150;Hybrid Approaches for Augmentation of Translation Tables for Indian Languages;Translation Templates, Lexicon augmentation, Pivoting, Clustering, OOV terms;We discuss approaches for improving bilingual lexicon coverage by automatically suggesting translations for Out-Of-Vocabulary (OOV) terms, employing existing validated bilingual lexicon entries. Resource poor languages such as Hindi, Konkani and Sanskrit characterized by highly inflectional morphology were employed in our experiments. Known surface translations are mined for morphological similarities and bilingual morphemes thus learnt are used in suggesting word-word and phrase translations. Also, word-word translations are generated for the language pair Hindi-Sanskrit by pivoting bilingual stems and suffixes, with Konkani and English as bridge language, former a morphologically rich language while latter morphologically poor.;2020;Forecasting in Time Series (i9);
151;Effects of Number of Filters of Convolutional Layers on Speech Recognition Model Accuracy;End-to-End Approach, Convolutional Neural Networks (CNN), Number of Filters, Sound-2-Vector Embedding (Convolutional Embedding), Light Model Weight;Inspired by the progress of the End-to-End approach [1], this paper systematically studies the effects of Number of Filters of convolutional layers on the model prediction accuracy of CNN+RNN (Convolutional Neural Networks adding to Recurrent Neural Networks) for ASR Models (Automatic Speech Recognition). Experimental results show that only when the CNN Number of Filters exceeds a certain threshold value is adding CNN to RNN able to improve the performance of the CNN+RNN speech recognition model, otherwise some parameter ranges of CNN can render it useless to add the CNN to the RNN model. Our results show a strong dependency of word accuracy on the Number of Filters of convolutional layers. Based on the experimental results, the paper suggests a possible hypothesis of Sound-2-Vector Embedding to explain the above observations.Based on this Embedding hypothesis and the optimization of parameters, the paper develops an End-to-End speech recognition system which has a high word accuracy but also has a light model-weight. The developed LVCSR (Large Vocabulary Continuous Speech Recognition) model has achieved quite a high word accuracy of 90.2% only by its Acoustic Model alone, without any assistance from intermediate phonetic representation and any Language Model. Its acoustic model contains only 4.4 million weight parameters, compared to the 35~68 million acoustic-model weight parameters in DeepSpeech2 [2] (one of the top state-of-the-art LVCSR models) which can achieve a word accuracy of 91.5%. The light-weighted model is good for improving the transcribing computing efficiency and also useful for mobile devices, Driverless Vehicles, and many potential applications requiring light-weighted high-accuracy LVCSR model. Our model weight is reduced to ~10% the size of DeepSpeech2, but our model accuracy remains close to that of DeepSpeech2. If combined with a Language Model, our LVCSR system is able to achieve 91.5% word accuracy.;2020;SS: Machine Learning for Natural Language Processing (q12);
152;SummaTRIZ : Summarization Networks for Mining Patent Contradiction;Summary, patent contradiction, BERT, Deep learning, TRIZ;TRIZ theory is considered as a kind of innovative theory, which mainly functions in solving contradiction and aims to improve engineers creativity. It may reason on different support such as web and scientific documents. Most of the current knowledge, especially in industrial domains lies in patents. They are, nevertheless, an underused resource because of their complexity, their length and the need of domain knowledge to make use of patent. In this paper, we introduce an innovative application of deep learning to mine knowledge from patents. We show that our summarization based approach, called SummaTRIZ 1, enables the extraction of these contradictions essential for TRIZ problem solving engine. A BERT based summarization approach is introduced to retain contradiction sentences. Our approach is experimentally evaluated on a real data set showing the performance of SummaTRIZ.;2020;SS: Machine Learning for Natural Language Processing (q12);
153;Towards Hybrid Model for Automatic Text Summarization;Extractive Summary, Recurrent Neural Network, Abstractive Summary, Pointer Generator Network;The overflowing of textual data on the web needs an efficient tool that is able to manage and process data. In this context, automatic text summarization has shown a great importance in several application areas. It aims to create a coherent and fluent short version of a document while preserving of the main information. This method allows for a reduction in reading time by condensing relevant information from a large collection of documents. Several automatic text summarization approaches have been proposed in order to entail shorten parts of the document. These methods have good results, but they still need improvements related to the reliability of sentences extraction, redundancy, semantic relationships between sentences, etc. This paper introduces a new hybrid architecture, combining a 2-layer recurrent neural network (RNN) extractive model and a sequence-to-sequence attentional abstractive model. This method uses the advantages of both extractive and abstractive approaches. A given text is first fed into the extractive model to obtain its relevant content, then generalized using the abstractive model, resulting in the text's summary. First experimental results on real-world data show that the proposed model can achieve competitive results for extractive, abstractive and hybrid models.;2020;SS: Machine Learning for Natural Language Processing (q12);
154;Subword Contextual Embeddings for Languages with Rich Morphology;transfer learning, deep learning, nlp, named entity recognition;Morphological information is important for many sequence labeling tasks in Natural Language Processing (NLP). Yet, existing approaches rely heavily on manual annotations or external software to capture this information. In this study, we propose using subword contextual embeddings for languages with rich morphology. Evaluated on Dependency Parsing (DEP) and Named Entity Recognition (NER) tasks, which are shown to benefit highly from morphological information, subword contextual embeddings consistently outperformed other approaches on all languages tested (Hungarian, Finnish, Czech and Turkish). Our proposed method enables achieving state-of-the-art results with little annotation requirements compared to the previous work. Besides, the novel network architecture we propose, coupled with a Bayesian hyperparameter optimization suite, achieved state-of-the-art results for both tasks for the Turkish language. Finally, we experimented with different multi-task learning architectures to analyze the effect of jointly learning the two tasks.;2020;SS: Machine Learning for Natural Language Processing (q12);
155;Main Content Extraction from Web Pages;Web mining, text mining, clustering methods;The extraction of the main content of a web page is a major issue in text mining. It provides less noisy input content prior to fine grained natural language processing methods. We present an unsupervised learning method to extract the main textual content of a web page. It relies on three stages: a clustering step of text blocks within a single web page, a phase of selection of the clusters associated with the main content, and a classification phase carried out on the data labeled by the two previous steps. The overall method allows to extract the main content at scale since it is fully unsupervised and the complexity at prediction time is low. Experiments are conducted to validate the generalization of the classifier and the quality of the obtained results.;2020;SS: Machine Learning for Natural Language Processing (q12);
156;An Investigation of Fine-tuning Pre-trained Model for MR-to-Text Generation;Natural Language Generation, Pre-trained Model, Meaning Representation;Natural Language Generation (NLG) task is to generate natural language given structured data, like Meaning Representations (MRs). The generated sentences are supposed to convey all the information in MRs and be fluent and realistic as human written. The constantly emerging pre-trained models push the state-of-the-art performance of various Natural Language Processing tasks to a new level. The common practice of fine-tuning pre-trained language models for NLG is to regard it as a text-to-text generation task. That is, MRs are converted into graph structures, then the graphs are linearized as text sequences, during which lots of pre-processing and post-processing work are required. We explore different methods to organize the MRs and show that just linearizing the information in MRs achieve decent results, while complex annotation process can be omitted. Under the circumstances, further experiments demonstrate that the fine-tuned pre-trained model achieves comparable results with state-of-the-art models on the RNNLG dataset.;2020;SS: Machine Learning for Natural Language Processing (q12);
157;Toxic Comment Classification For French Online Comments;text classification, NLP, text mining, toxic text classification;In this paper, we propose a supervised approach for toxic comment classification for French language. We choose a set of features proposed for toxic comment detection for English and use it for French toxic comment detection. Our approach is based on N-gram features, linguistic features and a dictionary of insulting words and expressions. We obtain a F1-score of 78% with N-grams, linguistic and lexicon features, a precision of 87% with N-gram features and a recall of 83% with N-gram, linguistic and lexicon features. Classifier used are linear SVM and decision tree.;2020;SS: Machine Learning for Natural Language Processing (q12);
158;DeL-haTE: A Deep Learning Tunable Ensemble for Hate Speech Detection;ensemble classifier, transfer learning, weak supervision, hate speech detection;Online hate speech on social media has become a fast-growing problem in recent times. Nefarious groups have developed large content delivery networks across several mainstream (Twitter and Facebook) and fringe outlets (Gab, 4chan, 8chan, etc.) to deliver cascades of hate messages directed both at individuals and communities. Thus addressing these issues has become a top priority for large-scale social media outlets. Three key challenges in automated detection and classification of hateful content are the lack of clearly labeled data, evolving vocabulary and lexicon - hashtags, emojis, etc - and the lack of baseline models for fringe outlets such as Gab. In this work, we propose a novel framework with three major contributions. (a) We engineer an ensemble of deep learning models that combines the strengths of state-of-the-art approaches, (b) we incorporate a tuning factor into this framework that leverages transfer learning to conduct automated hate speech classification on unlabeled datasets, like Gab, and (c) we develop a weak supervised learning methodology that allows our framework to train on unlabeled data. Our ensemble models achieve an 83% hate recall on the HON dataset, surpassing the performance of the state of the art deep models. We demonstrate that weak supervised training in combination with classifier tuning significantly increases model performance on unlabeled data from Gab, achieving a hate recall of 67%.;2020;SS: Machine Learning for Natural Language Processing (q12);
159;Sequential Transfer Learning for Event Detection and Key Sentence Extraction;transfer learning, pre-trained language models, neural networks, event detection;Sequential transfer learning (STL) techniques aim to improve learning in the target task by leveraging knowledge from a related domain using pre-trained representations. Approaches based on these techniques have achieved state-of-the-art results on a wide range of natural language processing (NLP) tasks. In the context of event detection and key sentence extraction, we propose to explore STL-based techniques using the last generation of pre-trained language representations, namely, ALBERT, BERT, DistilBERT, ELECTRA, OpenAI GPT2, RoBERTa and, XLNet. Experiments are conducted as a part of our contribution to the CLEF 2019 ProtestNews Track, which aims to classify and identify protest events in English-language news from India and China. Averaged results show that a STL-based method with OpenAI GPT2 outperforms prevailing methods in this domain by achieving better performance across event detection and key sentence extraction tasks. In addition, OpenAI GPT2 also obtains the best results on the majority of datasets tested in comparison to the best system presented during the CLEF 2019 ProtestNews challenge.;2020;SS: Machine Learning for Natural Language Processing (q12);
160;Understanding Fairness of Gender Classification Algorithms Across Gender-Race Groups;Fairness and Bias in AI, Facial Analysis, Gender Classification, Soft Biometrics, Usability and Human Interaction;Automated gender classification has important applications in many domains, such as demographic research, law enforcement, online advertising, as well as human-computer interaction. Recent research has questioned the fairness of this technology across gender and race. Specifically, the majority of the studies raised the concern of higher error rates of the face-based gender classification system for darker-skinned people like African-American and for women. However, to date, the majority of existing studies were limited to African-American and Caucasian only. The aim of this paper is to investigate the differential performance of the gender classification algorithms across gender-race groups. To this aim, we investigate the impact of (a) architectural differences in the deep learning algorithms and (b) training set imbalance, as a potential source of bias causing differential performance across gender and race. Experimental investigations are conducted on two latest large-scale publicly available facial attribute datasets, namely, UTKFace and FairFace. The experimental results suggested that the algorithms with architectural differences varied in performance with consistency towards specific gender-race groups. For instance, for all the algorithms used, Black females (Black race in general) always obtained the least accuracy rates. Middle Eastern males and Latino females obtained higher accuracy rates most of the time. Training set imbalance further widens the gap in the unequal accuracy rates across all gender-race groups. Further investigations using facial landmarks suggested that facial morphological differences due to the bone structure influenced by genetic and environmental factors could be the cause of the least performance of Black females and Black race, in general.;2020;SS: Emerging ML Based Techniques in Securing Users’ Identity (p5) (Merged with Special Session on Machine and Deep Learning in Cyber Security and Privacy Issues);
161;BWCFace: Open-set Face Recognition using Body-worn Camera;Face Recognition, Body-worn Camera, Deep Learning, Person Identification;With computer vision reaching an inflection point in the past decade, face recognition technology has become pervasive in policing, intelligence gathering, and consumer applications. Recently, face recognition technology has been deployed on body-worn cameras to keep officers safe, enabling situational awareness and providing evidence for trial. However, limited academic research has been conducted on this topic using traditional techniques on datasets with small sample size. This paper aims to bridge the gap in the state-of-the-art face recognition using body-worn cameras (BWC). To this aim, the contribution of this work is two-fold: (1) collection of a dataset called BWCFace consisting of a total of 178K facial images of 132 subjects captured using the body-worn camera in in-door and daylight conditions, and (2) open-set evaluation of the latest deep-learning-based Convolutional Neural Network (CNN) architectures combined with five different loss functions for face identification, on the collected dataset. Experimental results on our BWCFace dataset suggest a maximum of 33.89% Rank-1 accuracy obtained when facial features are extracted using SENet-50 trained on a large scale VGGFace2 facial image dataset. However, performance improved up to a maximum of 99.00% Rank-1 accuracy when pretrained CNN models are fine-tuned on a subset of identities in our BWCFace dataset. Equivalent performances were obtained across body-worn camera sensor models used in existing face datasets. The collected BWCFace dataset and the pretrained/ fine-tuned algorithms are publicly available to promote further research and development in this area. A downloadable link of this dataset and the algorithms is available by contacting the authors.;2020;SS: Emerging ML Based Techniques in Securing Users’ Identity (p5) (Merged with Special Session on Machine and Deep Learning in Cyber Security and Privacy Issues);
162;AARef: Exploiting Authorship Identifiers of Micro-Messages with Refinement Blocks;Convolutional Neural Networks, Authorship Attribution, Author Identification, Identity Mapping;With the rise of web-based social networking, a great many short texts/micro-messages are exchanged daily. Although short texts/micro-messages are a powerful and efficient way to communicate among individuals, their anonymity and short-length attributes give rise to a real challenge for Author Identifi-cation studies. In this paper, we tackle the Author Identification of short texts problem via Convolutional Neural Networks (CNNs). Specifically, we present a novel Multi-Channel CNN architecture that processes different features of text via word, character, and parts of speech (POS) embeddings. We examine the usefulness of different feature types and show that the combination of embeddings can capture different stylometric features. In addition, we add an identity mapping block in the convolutional layer to preserve the maximum amount of information from features. Extensive experiments with a variety number of authors and writing samples per author were conducted using our proposed architecture. Based on the experiments, our proposed method outperforms the state-of-the-art system on a large Twitter dataset.;2020;SS: Emerging ML Based Techniques in Securing Users’ Identity (p5) (Merged with Special Session on Machine and Deep Learning in Cyber Security and Privacy Issues);
163;Evaluation of Local Binary Pattern Algorithm for User Authentication with Face Biometric;Local Binary Pattern, authentication, biometrics, face biometrics, facial recognition, classification methods, WebID;In the ever-changing world of computer security and user authentication, the username/password standard is becoming increasingly outdated. Using the same username and password across multiple accounts and websites leaves a user open to vulnerabilities, and the need to remember multiple usernames and passwords feels very unnecessary in the current digital age. Authentication methods of the future need to be reliable and fast, while maintaining the ability to provide secure access. Augmenting traditional username-password standard with face biometric is proposed in the literature to enhance the user authentication. However, this technique still needs an extensive evaluation study to show how reliable and effective it will be under different settings. Local Binary Pattern (LBP) is a discrete yet powerful texture classification scheme, which works particularly well with image classification for facial recognition. The system proposed here strives to examine and test various LBP configurations to determine their image classification accuracy. The most favorable configurations of LBP should be examined as a potential way to augment the current username and password standard by increasing their security with facial biometrics.;2020;SS: Emerging ML Based Techniques in Securing Users’ Identity (p5) (Merged with Special Session on Machine and Deep Learning in Cyber Security and Privacy Issues);
164;Using Graph Embeddings and Machine Learning to Detect Cryptography Misuse in Source Code;Cryptographic Misuse, Machine Learning, Misuse Classification, Graph Embeddings, Bag of Graphs;Cryptography is an essential aspect of software development. Nevertheless, software developers have limited knowledge of cryptography primitives, and support tools are limited. In this work, we present a comparison between graph embedding techniques, node2vec and Bag of Graphs, as embedding generators of source code graph representations. We combined these techniques with machine learning models in order to detect cryptography misuses in source codes. We show that Bag of Graphs outperforms node2vec in this task;2020;SS: Emerging ML Based Techniques in Securing Users’ Identity (p5) (Merged with Special Session on Machine and Deep Learning in Cyber Security and Privacy Issues);
165;Image Watermarking with Region of Interest Determination Using Deep Neural Networks;watermark, strength factor, mask R-CNN, discrete cosine transform, discrete wavelet transform;Watermarking is a popular technique used in various applications, such as copyright protection of digital media, including audio, video, and image files. Proper watermarking should satisfy multiple criteria, such as robustness and transparency. While a successful watermarking needs to meet these criteria, there is a tradeoff between the two opposing criteria of robustness and transparency. This paper proposes a method for determining the appropriate locations for embedding watermarks with high strength factors. For this purpose, a deep neural network, known as Mask R-CNN, is used, which is pre-trained on the COCO dataset. This neural network finds a good strength factor for those sub-blocks of the host image selected for embedding. The proposed technique can be used in conjunction with most DWT and DCT based semi-blind watermarking approaches. Experiments show that the proposed method is robust against different attacks and demonstrates good transparency.;2020;SS: Emerging ML Based Techniques in Securing Users’ Identity (p5) (Merged with Special Session on Machine and Deep Learning in Cyber Security and Privacy Issues);
166;Towards Obfuscated Malware Detection for Low Powered IoT Devices;malware, detection, IoT, power;With the increased deployment of IoT and edge devices into commercial and user networks, these devices have become a new threat vector for malware authors. It is imperative to protect these devices as they become more prevalent in commercial and personal networks. However, due to their limited computational power and storage space, especially in the case of battery-powered devices, it is infeasible to deploy state-of-the-art malware detectors onto these systems. In this work, we propose using and extracting features from Markov matrices constructed from opcode traces as a low cost feature for unobfuscated and obfuscated malware detection. We empirically show that our approach maintains a high detection rate while consuming less power than similar work.;2020;SS: Emerging ML Based Techniques in Securing Users’ Identity (p5) (Merged with Special Session on Machine and Deep Learning in Cyber Security and Privacy Issues);
167;Chromatogram Alignment Algorithm Based on Deep Neural Network and an Application in Bio-aerosol Detection;DNN, chromatography alignment, environment, bioinformatics;Gas chromatography/mass spectrometer (GC-MS) has been widely applied to pick up a vast quantity of information about chemical compositions in complex matrices. To use GC-MS data requires alignment of identifying analyses' retention time (RT) from different samples for various RT across multiple chromatograms. Previously, Li and Wang[1] has shown a solution, ChromAlignNet, to GC-MS alignment using deep learning neural networks, which are more adept at complex, fuzzy data sets. However, their model's average precision is not ideal enough which will limit the use of ChromAlignNet. Here, we optimize the network structure and loss function to improve the performance. Consequently, our method outperforms the state-of-the-art solution with more than 10% improvement on the average precision validating our alignment algorithm. Additionally, that algorithm can be used in bio-aerosol detection system.;2020;SS: Machine Learning in Health （1） (Merged with SS: Explainable Machine Learning) (r13);
168;Architecture for accurate polyp segmentation in motion-blurred colonoscopy images;Multi-scale network, multi-frequency feature, ResUNet, UNet, polyp segmentation;The video colonoscopy analysis environment is prone to reduced resolution and blurred image quality, both of which greatly reduce the accuracy of computer-assisted polyp segmentation. However, polyp segmentation from blurred colonoscopy images has not received much attention in research till date. In this paper, we propose an extended high-frequency residual block, and introduce a segmentation network that improves on the deep residual U-Net. In our experiments, we show that motion-blurred colonoscopy images can be used for accurate segmentation of polyp areas. Our experimental evaluation also shows that the proposed method produces excellent segmentation results for publicly available data sets. Furthermore, we find that the proposed network1 performs better than all the available state- of-the-art segmentation networks, The calculated dice coefficient and IoU of our network for unclear data with high amounts of motion blur were also found to be better than those of other conventional networks.;2020;SS: Machine Learning in Health （1） (Merged with SS: Explainable Machine Learning) (r13);
169;A Novel ECG Signal Denoising Filter Selection Algorithm Based on Conventional Neural Networks;Deep learning, ECG signals, adaptive filtering, noise reduction, machine learning, signal processing;We propose a novel deep learning based denoising filter selection algorithm for noisy Electrocardiograph (ECG) signal preprocessing. ECG signals measured under clinical conditions, such as those acquired using skin contact devices in hospitals, often contain baseline signal disturbances and unwanted artefacts;2020;SS: Machine Learning in Health （1） (Merged with SS: Explainable Machine Learning) (r13);
170;AI-based BMI Inference from Facial Images: An Application to Weight Monitoring;Body Mass Index, Deep Learning, Visual Attributes, Facial Images, Convolutional Neural Networks;Self-diagnostic image-based methods for healthy weight monitoring is gaining increased interest following the alarming trend of obesity. Only a handful of academic studies exist that investigate AI-based methods for Body Mass Index (BMI) inference from facial images as a solution to healthy weight monitoring and management. To promote further research and development in this area, we evaluate and compare the performance of five different deep-learning based Convolutional Neural Network (CNN) architectures i.e., VGG19, ResNet50, DenseNet, MobileNet, and lightCNN for BMI inference from facial images. Experimental results on the three publicly available BMI annotated facial image datasets assembled from social media, namely, VisualBMI, VIP-Attributes, and Bollywood datasets, suggest the efficacy of the deep learning methods in BMI inference from face images with minimum Mean Absolute Error (MAE) of 1.04 obtained using ResNet50.;2020;SS: Machine Learning in Health (1);
171;Application of deep learning to distinguish multiple deep brain stimulation parameter configurations for the treatment of Parkinson's disease.;Conformal wearable and wireless inertial sensor , deep brain stimulation , deep learning , convolutional neural network , Parkinsons disease;Deep brain stimulation offers the opportunity for patient specific and optimally tuned treatment to ameliorate Parkinson's disease. Imperative for the efficacy of deep brain stimulation is the quantification of therapeutic response. The implementation of inertial sensor systems has considerably augmented the acuity of quantifying the characteristics of the movement disorder through the respective signal data. For example, these inertial sensors constitute effectively wearable and wireless systems that can be mounted about the dorsum of the hand to objectively quantify tremor. Using machine learning algorithms considerable classification accuracy has been achieved. Conformal wearable and wireless inertial sensor systems have been recently developed that can be conveniently mounted about the dorsum of the hand by an adhesive medium with a profile on the order of a bandage. Additionally, these conformal wearable and wireless inertial sensor systems can have their data wirelessly transmitted to a secure Cloud computing environment. This capability offers the opportunity to ascertain the inertial sensor signal for Parkinson's disease tremor response in the context of multiple deep brain stimulation parameter configurations, such as an assortment of amplitude settings. The objective of the research was to quantify and distinguish the response of Parkinson's disease tremor through an assortment of amplitude settings for deep brain stimulation, such as `Off' setting as a baseline, amplitude set to 1.0 mA, amplitude set to 1.75 mA, amplitude set to 2.5 mA, amplitude set to 3.25 mA, and amplitude set to 4.0 mA, using a deep learning convolutional neural network through TensorFlow with the quantification of tremor by a conformal wearable and wireless inertial sensor system. Considerable classification accuracy was attained to distinguish between these specified deep brain stimulation settings for the amelioration of Parkinson's disease.;2020;SS: Machine Learning in Health （1） (Merged with SS: Explainable Machine Learning) (r13);
172;Application of Face Recognition in Tracing COVID-19 Fever Patients and Close Contacts;COVID-19, fever screening, face recognition, face clustering, KNN;The outbreak of COVID-19 corona virus in late 2019 has put a tremendous threat to the whole world. Driven by the mission to save lives, we develop a face recognition system to detect patients with fever symptom and to trace close contacts. A real-time alert is sent to the account manager on web or mobile app to enable further actions to quarantine the patients and close contacts. This provides a way to control the spread of the virus.;2020;SS: Machine Learning in Health （1） (Merged with SS: Explainable Machine Learning) (r13);
173;Learning across label confidence distributions using Filtered Transfer Learning;Transfer learning, Deep learning, Confidence, Drug target interaction;Performance of neural network models relies on the availability of large datasets with minimal levels of uncertainty. Transfer Learning (TL) models have been proposed to resolve the issue of small dataset size by letting the model train on a bigger, task-related reference dataset and then fine-tune on a smaller, task-specific dataset. In this work, we apply a transfer learning approach to improve predictive power in noisy data systems with large variable confidence datasets. We propose a deep neural network method called Filtered Transfer Learning (FTL) that defines multiple tiers of data confidence as separate tasks in a transfer learning setting. The deep neural network is fine-tuned in a hierarchical process by iteratively removing (filtering) data points with lower label confidence, and retraining. In this report we use FTL for predicting the interaction of drugs and proteins. We demonstrate that using FTL to learn stepwise, across the label confidence distribution, results in higher performance compared to deep neural network models trained on a single confidence range. We anticipate that this approach will enable the machine learning community to benefit from large datasets with uncertain labels in fields such as biology and medicine.;2020;SS: Machine Learning in Health （1） (Merged with SS: Explainable Machine Learning) (r13);
174;Predicting missing and noisy links via neighbourhood preserving graph embeddings in a clinical knowlegebase;Clinical knowledge graph, Noisy and Missing links, Graph embeddings, Disease-Symptom associations;Clinical knowledge graphs (KG) are often incomplete in their early stages of development, prone to human error, and have limited quality control. Due to continuous human updates to these clinical large-scale graphs, data errors are very high and costly. These errors originate in the form of biases, experiences, and assumptions leading to noise. Hence, enterprise-grade clinical knowledge graphs deployed in practical settings must be evaluated to remove errors and assist human maintainers to enrich the KG using predictive techniques. In this study, we propose a novel application of a neighborhood- based relationship entity embedding method to simultaneously predict both noisy and missing links between the disease and symptom entities in a clinical knowledge graph. The relationship or link embedding method is a derivation of a knowledge graph embedding framework. Our evaluations and experiments demonstrate that the proposed methodology achieves substantial improvements in comparison to state-of-the-art baseline methods in clinical KG link prediction. In practical settings, the clinical missing link and noise correction method has reduced the manual data review process for clinicians and also predicted potential relationships that existed between a disease and a symptom in the clinical KG.;2020;SS: Machine Learning in Health （1） (Merged with SS: Explainable Machine Learning) (r13);
175;On The Application of Domain Adversarial Neural Network to Fault Detection and Isolation in Power Plants;Transfer Learning, Adversarial Neural Networks, Intelligent Condition Monitoring, Fault Detection and Isolation;In this paper, we introduce a new Fault Detection and Isolation (FDI) approach based on Transfer Learning (TL) for improving health monitoring systems of gas turbines under varying working conditions. Nowadays, researchers have found intelligent algorithms a reliable tool for condition monitoring of mechanical systems and processes. In this regard, modern automation systems in many industries, including power plants, are heavily utilizing machine learning algorithms. However, the performance of data-driven methods depends on the consistency of data distribution. Unfortunately, this assumption might not be satisfied with real-world problems. In this research, we contribute to finding a solution to this problem, which is a crucial barrier to many intelligent condition monitoring systems. We used domain adversarial training of neural networks to find models that can adapt to new working conditions of gas-turbines. Accordingly, a well-known gas-turbine simulator is employed to simulate the process behavior under various working conditions, and it is illustrated that even small variations in working conditions cause a dramatic decline in the performance of models. We demonstrate that the proposed TL-based FDI approach can be successfully employed to cope with the inconsistency of data distribution in process systems.;2020;SS: Advanced ML Applications: Federated Learning and Meta-Learning (t7);
176;Fiji-FIN: A Fault Injection Framework on Quantized Neural Network Inference Accelerator;ML/DL -powered IoT,Fault Injection, Binarized Neural Network Accelerator,Machine Learning,Black/white box Attack,Soft Error;In recent years, the big data booming has boosted the development of highly accurate prediction models driven from machine learning (ML) and deep learning (DL) algorithms. These models can be orchestrated on the customized hardware in the safety-critical missions to accelerate the inference process in ML/DL -powered IoT. However, the radiation-induced transient faults and black/white -box attacks can potentially impact the individual parameters in ML/DL models which may result in generating noisy data/labels or compromising the pre-trained model. In this paper, we propose Fiji-FIN 1, a suitable framework for evaluating the resiliency of IoT devices during the ML/DL model execution with respect to the major security challenges such as bit perturbation attacks and soft errors. Fiji-FIN is capable of injecting both single bit/event flip/upset and multi-bit flip/upset faults on the architectural ML/DL accelerator embedded in ML/DL -powered IoT. Fiji-FIN is significantly more accurate compared to the existing software-level fault injections paradigms on ML/DL -driven IoT devices.;2020;SS: Advanced ML Applications: Federated Learning and Meta-Learning (t7);
177;Adaptive Data-driven Approach for the Remaining Useful Life Estimation when Few Historical Degradation Sequences are Available;Health Indicator (HI), Adaptive model, Remaining Useful Life (RUL);Fault prognostics is the estimation of the Remaining Useful Life (RUL) of a component until failure. It is a main part of the predictive maintenance strategy that can help to enhance the reliability and availability of industrial systems while reducing unscheduled downtime and maintenance cost. Applying fault prognostics to industrial systems is difficult because very few sequences about degradation are available. Hence, this paper proposes a new approach able to perform the fault prognostics when few historical degradation data are available. In offline, a library of Health Indicators (HIs) and library of adaptive models are defined. Then, the best HI-model pairs according to the accuracy of the a priori sequences are selected. In online, several RULs are predicted for the new sequence using the selected pairs. After that, the final RUL is computed by merging the RULs using a weighted mean. The approach is validated using a degradation scenario selected from an aircraft engine degradation dataset (CMAPSS dataset). The obtained results are promising compared to some well-known similar state-of-the-art approaches.;2020;SS: Advanced ML Applications: Federated Learning and Meta-Learning (t7);
178;FedAR: Activity and Resource-Aware Federated Learning Model for Distributed Mobile Robots;Federated Learning, resource-limitations, trust, mobile robot, straggler, Internet-of-Things, distributed computing, model aggregation;Smartphones, autonomous vehicles, and the Internet-of-things (IoT) devices are considered the primary data source for a distributed network. Due to a revolutionary breakthrough in internet availability and continuous improvement of the IoT devices capabilities, it is desirable to store data locally and perform computation at the edge, as opposed to share all local information with a centralized computation agent. A recently proposed Machine Learning (ML) algorithm called Federated Learning (FL) paves the path towards preserving data privacy, performing distributed learning, and reducing communication overhead in large-scale machine learning (ML) problems. This paper proposes an FL model by monitoring client activities and leveraging available local computing resources, particularly for resource-constrained IoT devices (e.g., mobile robots), to accelerate the learning process. We assign a trust score to each FL client, which is updated based on the client's activities. We consider a distributed mobile robot as an FL client with resource limitations either in memory, bandwidth, processor, or battery life. We consider such mobile robots as FL clients to understand their resource-constrained behavior in a real-world setting. We consider an FL client to be untrustworthy if the client infuses incorrect models or repeatedly gives slow responses during the FL process. After disregarding the ineffective and unreliable client, we perform local training on the selected FL clients. To further reduce the straggler issue, we enable an asynchronous FL mechanism by performing aggregation on the FL server without waiting for a long period to receive a particular client's response.;2020;SS: Advanced ML Applications: Federated Learning and Meta-Learning (t7);
179;Connecting Distributed Pockets of Energy Flexibility through Federated Computations: Limitations and Possibilities;Federated Computations, Energy Efficiency, Distributed Energy Resources, Distributed Optimization, Smart Grid, Internet of Things, Multi-Agent Systems, Electric Grid;Electric grids are traditionally operated as multientity systems with each entity managing a geographical region. Interest and demand for decarbonization and energy democratization is resulting in growing penetration of controllable energy resources. In turn, this process is increasing the number of grid entities. The paradigm shift is also fueled by increased adoption of intelligent sensors and actuators equipped with advanced processing and computing capabilities. While collaboration among power grid entities (agents) reduces energy cost and increases overall reliability, achieving effective collaboration is challenging. The main challenges stem from the heterogeneity of system agents and their collected information. Furthermore, the scale of data collection is constantly increasing and many grid entities have strict privacy requirements. Another challenge is the energy industry's common practice of keeping data in silos. Federated computation is an approach well suited to addressing these issues that are increasingly important for multi-agent energy systems. Through federated computation, agents collaboratively solve learning and optimization problems while respecting each agent's privacy and overcoming barriers of cross-device and cross-organization data isolation. In this paper, we first establish the need for federated computations to achieve energy optimization goals of the future power grid. We discuss practical challenges of performing multi-agent data processing in general. Then we address challenges that arise specifically for orchestrating operation of connected distributed energy resources (DERs) in the Internet of Things (IoT). We conclude this paper by presenting a novel federated computation framework that addresses some of these issues, and we share examples of two initial field test setups in research demonstrations and commercial building applications with Grid Fruit, LLC.;2020;SS: Advanced ML Applications: Federated Learning and Meta-Learning (t7);
180;Robust Incremental Logistic Regression for Detection of Anomaly Using Big Data;Incremental Learning, Big Data, Incremental Logistic Regression, Model Update, Stochastic Gradient Descent, Batch Learning, Incremental Support Vector Machine;Nowadays a lot of data are being continuously or incrementally collected at various fields through IoT (Internet of Things) devices and sensors. To extract useful patterns from these huge volumes of data, pattern recognition and machine learning techniques are applied, which build models by extracting patterns from data at once, and the models are not updated until the performances of the models deteriorate significantly. This traditional approach of learning a model using all the data at once may not be feasible in many applications because it may require a huge communication cost and storage to collect the data and take a very long time to build a model, and the onetime built model may not be able to learn the changed patterns automatically over time. To overcome some of the limitations of the traditional approach, we propose a new method called Robust Incremental Logistic Regression (RILR), which learns and updates model parameters as new batches of training data arrive. We show the effectiveness of the proposed method by performing experiments with 10 publicly available data sets and evaluating it in terms of AUC (Area Under the receiver operating characteristic Curve) on test data, robustness, execution time, and storage requirement. Experimental results suggest that our proposed method is able to achieve the desired performance on most of the data sets.;2020;SS: Advanced ML Applications: Federated Learning and Meta-Learning (t7);
181;Multi-UCAV Air Combat in Short-Range Maneuver Strategy Generation using Reinforcement Learning and Curriculum Learning;reinforcement learning, Multi-UCAV, air combat, curriculum learning, training simulations;We present an approach for learning a reactive maneuver strategy for a UCAV formation involved in a short-range multi-UCAV air combat engagement. Specifically, we define an efficient state representation, which breaks down the complexity caused by the large state space in a multi-UCAV air combat engagement. Then a parameter sharing dueling deep Q-network (PS-DDQN) algorithm is proposed to train the UCAV formation. The learning reactive maneuver strategy is shared among our UCAVs to encourage cooperative behaviors. In addition, curriculum learning and self-play extend the maneuver strategy to more difficult scenarios. Thus, speeding up the training process and improving the learning effect. Finally, the effectiveness of the algorithm and the intelligence degree of maneuver strategy is verified by the simulation test of convergence and maneuver strategy quality.;2020;SS: Advanced ML Applications: Federated Learning and Meta-Learning (t7);
182;Geographical feature classification from text using (active) convolutional neural networks;Text classification, multi-class classification, hierarchical classification, deep learning, active learning, geographical features, geographic information retrieval;Deep learning can discover intricate patterns hidden in big data, and has much better scalability than traditional machine learning when the volume of data increases dramatically. Thus, deep learning has gained many successes in various domains and applications such as image classification, text classification, and machine translation. In this paper, we use deep learning to classify geographical features (e.g., mountains, rivers, landmarks, and cities) from text, using geolocated Wikipedia entries as the case study application. We employ one of the most commonly used deep learning architectures, convolutional neural networks (CNNs) and its integration with active learning (creating what we call active CNNs), to train the geographical feature classifiers on the Wikipedia text data set obtained from GeoNames (which provides the feature type for each geolocated entity). We evaluate the performance of CNNs and active CNNs with multiple metrics (i.e., accuracy, F1 score, and confusion matrix). Our experiment results demonstrated that CNNs and active CNNs can effectively classify geo-referenced text entities into predefined geographical features. In addition, our experiment results show that active CNNs outperform CNNs for hard to distinguish classes. In our experiment, we also compared results for hierarchical multi-class classification and flat multiclass classification, and the results show that hierarchical multiclass classification significantly outperforms flat multi-class classification for the data set we used.;2020;SS: AI with Geographic Information Systems for Social Good  (Merged with SS: Deep Learning and Ontology) (x7);
183;Exploratory data analysis of the visitor's arrivals to Chichen-Itza's archaeological site, a case study.;Data analysis, Data mining, Exploratory data analysis;In recent years, Chichen-Itza's archaeological site importance has increased exponentially. It receives more visitors every year. This has generated huge amounts of data only for the box office. In the current study, an exploratory data analysis is implemented on this dataset which covers from December 2016 to December 2018. From the results, it was observed that 73% of the visitors to the site are non-Mexicans. Meanwhile, 14.4% of the box office tickets are for national adults, divided between tickets sold during weekdays and tickets given on Sundays which are free for all nationals. The remaining 12.6% corresponds to tickets divided onto 11 different categories according to the current federal law. Different visitoŕs behaviours were observed such as arrival times, season arrivals, and arrival time span. The results will allow for identifying strengths, weakness of the activities as well as possible threats. The insights obtained from this current exploratory data analysis will contribute to the development of competitiveness, and regional growth via decision and strategy making.;2020;SS: AI with Geographic Information Systems for Social Good  (Merged with SS: Deep Learning and Ontology) (x7);
184;Geographic Boosting Tree: Modeling Non-Stationary Spatial Data;spatial non-stationarity, R-tree, heuristic search, boosting;"Non-stationarity is often observed in Geographic datasets. One way to explain non-stationarity is to think of it as a hidden ""local knowledge"" that varies across space. It is inherently difficult to model such data as models built for one region do not necessarily fit another area as the local knowledge could be different. A solution for this problem is to construct multiple local models at various locations, with each local model accounting for a sub-region within which the data remains relatively stationary. However, this approach is sensitive to the size of data, as the local models are only trained from a subset of observations from a particular region. In this paper, we present a novel approach that addresses this problem by aggregating spatially similar sub-regions into relatively large partitions. Our insight is that although local knowledge shifts over space, it is possible for multiple regions to share the same local knowledge. Data from these regions can be aggregated to train a more accurate model. Experiments show that this method can handle non-stationary and outperforms when the dataset is relatively small.";2020;SS: AI with Geographic Information Systems for Social Good  (Merged with SS: Deep Learning and Ontology) (x7);
185;Use of Machine Learning in Exploring Spatial (In)Justices1. ;spatial justice, economic mobility, data science, geographic information systems;In light of recent local, national and global events, spatial justice provides a potentially powerful lens by which to explore a multitude of spatial inequalities. For more than two decades, scholars have been espousing the power of spatial justice to help develop more equitable and just communities. However, defining spatial justice and developing a methodology for quantitatively analyzing spatial justice is complicated and no agreed upon metric for examining spatial justice has been developed. Instead, individual measures of spatial injustices have been studied. One such individual measure of spatial justice is economic mobility. Recent research on economic mobility has revealed the importance of local geography on upward mobility and may serve as an important keystone in developing a metric for multiple place-based issues of spatial injustice. As a result, this paper seeks to explore place-based variables within individual census tracts in an effort to understand their impact on economic mobility and potentially spatial justice. The methodology relies on data science and machine learning techniques and the results show that the deep leaning model is able to predict economic mobility of a census tract based on its spatial variables with 89% accuracy. In the end, this research will allow for comparative analysis between differing geographies and also identify leading variables in the overall quest for spatial justice.;2020;SS: AI with Geographic Information Systems for Social Good  (Merged with SS: Deep Learning and Ontology) (x7);
186;Know-Linking: An approach to generate shared knowledge between several actors in companies application in aerospace manufacturer;Traceability, profiling, semantic, indexing, knowledge, Textmining;"Actors in companies are producing a daily large amount of knowledge, which is embedded and in the most of cases not easily accessible. Getting benefits from this capital of knowledge is a key of progress of any organization. Many researchers proposed different ways to capitalize knowledge and make it accessible but those approaches are still not sufficient to resolve the problem in the context of a large company (more than 5000 employees working on long term projects). In the current paper, we propose an approach based on Hybrid-profiling techniques to structure actors in company who shares same missions, working tools and knowledge requirement into a common profile structure. Than, we build a semantic model of extracted profiles which gives the possibility to apply indexing of knowledge resources based on profiles semantic representation. On our behalf, this process still not sufficient to solve knowledge access problems, which encourages us to discover hidden collaboration which results on producing a shared knowledge between profiles. We call them hidden semantic links between profiles, that expressed deeply in knowledge resources. Our approach called ""Know-linking"" was applied it in aerospace manufacturer, tests and results are presented in the current paper.";2020;SS: AI with Geographic Information Systems for Social Good  (Merged with SS: Deep Learning and Ontology) (x7);
187;An embedded deep learning system for augmented reality in firefighting applications;deep learning, embedded platform, augmented reality, firefighting, situational awareness;Firefighting is a dynamic activity, in which numerous operations occur simultaneously. Maintaining situational awareness (i.e., knowledge of current conditions and activities at the scene) is critical to the accurate decision-making necessary for the safe and successful navigation of a fire environment by firefighters. Conversely, the disorientation caused by hazards such as smoke and extreme heat can lead to injury or even fatality. This research implements recent advancements in technology such as deep learning, point cloud and thermal imaging, and augmented reality platforms to improve a firefighter's situational awareness and scene navigation through improved interpretation of that scene. We have designed and built a prototype embedded system that can leverage data streamed from cameras built into a firefighter's personal protective equipment (PPE) to capture thermal, RGB color, and depth imagery and then deploy already developed deep learning models to analyze the input data in real time. The embedded system analyzes and returns the processed images via wireless streaming, where they can be viewed remotely and relayed back to the firefighter using an augmented reality platform that visualizes the results of the analyzed inputs and draws the firefighter's attention to objects of interest, such as doors and windows otherwise invisible through smoke and flames.;2020;SS: AI with Geographic Information Systems for Social Good  (Merged with SS: Deep Learning and Ontology) (x7);
188;HPT-RL: Calibrating Power System Models based on Hierarchical Parameter Tuning and Reinforcement Learning;power system models, parameter tuning, calibration, reinforcement learning, deep deterministic policy gradient;Power system models need regular calibration to reflect the current system status, identify and mitigate potential issues. However, traditional calibration approaches usually have local minima issues that require intervention from domain experts. In this study, we propose a reinforcement learning algorithm based on hierarchical parameter tuning (HPT-RL) for power system model calibration. The proposed HPT-RL is inspired by the natural hierarchy in parameter tuning where its higher level learns which parameter to tune and its lower level learns the tuning step size. We implement HPT-RL using the Deep Deterministic Policy Gradient (DDPG) architecture. We evaluate and compare the performance of HPT-RL, traditional DDPG, Bayesian Optimization, and Random Search for a generator model calibration on a four-bus system simulated with PSS®E. The performance of HPT-RL was evaluated based on 100 repeated experiments for two scenarios, namely low randomization and high randomization, based on where a simulated disturbance occurs on the bus system. The results show that HPT-RL outperforms the other three benchmark methods.;2020;SS: Machine Learning in Energy Application (s6);
189;Multi-view Data Mining Approach for Behaviour Analysis of Smart Control Valve;Clustering analysis, Multi-view data mining, Outlier detection, Continuous learning;In this study, we propose a multi-view data analysis approach that can be used for modelling and monitoring smart control valve system behaviour. The proposed approach consists of four distinctive steps: (i) multi-view interpretation of the available data attributes by separating them into several representations (views), e.g., operational parameters, contextual factors, and performance indicators;2020;SS: Machine Learning in Energy Application (s6);
190;New ANN results on a major benchmark for the prediction of RUL of Lithium Ion batteries in electric vehicles;Lithium Ion batteries, Electric Vehicles, predictive prognostics, Machine learning, ANN, RUL;Lithium Ion batteries are a core component of many lately designed devices. It is of crucial importance to be able to fully master the behaviour of batteries in order to meet the requirements in terms of safety, and performances. Predicting the Remaining Useful Life of batteries can help preventing a failure before it occurs, with an increased safety for the user and reduced costs linked to maintenance.The work described in this paper is an attempt to accurately predict the Remaining Useful Life of Li-Ion batteries using machine learning regression methods applied to a new set of ageing data published by the department of chemical engineering of the Massachusetts Institute of Technology. By changing the usual approach applied to data and feature management, very encouraging results were obtained. Compared with previous approaches in the literature using linear regression or Convolutional Neural Networks on the same dataset, our work on how to build a more efficient representation of ageing data combined with Artificial Neural Networks leads to more accurate predicting performances.;2020;SS: Machine Learning in Energy Application (s6);
191;Technical Indicators and Prediction for Energy Market Forecasting;Electricity Price Forecasting, Short-term, Time Series, Technical Indicators, Machine Learning;Machine learning usage for forecasting is popular in financial trading, particularly for stock price prediction and this is often combined with technical indicators to extract key predictive indicators from large time series trading datasets. Energy market trading data have similar characteristics to financial trading data, therefore deriving technical indicators specifically for electricity prices will help predict future prices and reduce trading costs. We have derived eight technical indicators for the Integrated Single Electricity Market (ISEM) energy market in Ireland using hourly electricity price data over the period February 2019 until November 2019. Technical indicator based models were obtained by using machine learning regression algorithms (Extreme Gradient [XG] Boost, Random Forest, and Gradient Boosting) trained with the proposed novel technical indicators. The results of the technical indicator models were compared against the baseline model (raw price data only) to see if using technical indicators as inputs improves model performance. We conclude that electricity prices can be accurately predicted using the proposed technical indicators.;2020;SS: Machine Learning in Energy Application (s6);
192;A Real Time Stock tendency prognostication using Quantopian;Quantopian, Stock, trends, Alpha Lens, Portfolio optimization;Stock trends prediction project is about designing a strategy that helps in predicting the stock trends in real time. To achieve it, we have considered Quantopian, one of the world's leading financial marketing strategy analysis as our platform. Quantopian follows the 3-Step approach of Alpha coding, Code Optimization & Portfolio. Alpha Code is the main algorithm that harbours, our strategy in stock trend prediction. We consider a single factor that influences our code and gradually come up with two or more factors combination to advance efficiency of optimization strategy. Sentiment factor is used to give an efficiency of 9.3% at the end of back testing. When the combination of sentiment, operation ratio and revenue growth are passed to alpha lens, it is found that the efficiency is raised to 64%, making it much more reliable and stable. The accuracy of multiple alpha factors model attains more than 60%, contrast with earlier prediction algorithms with a single alpha factor have around 9% accuracy increases with 51%.;2020;SS: Machine Learning in Energy Application (s6);
193;Reducing Artifacts in GAN Audio Synthesis;GAN, Audio GAN, Generative Adversarial Networks, audio synthesis;Generative Adversarial Networks (GANs) have recently shown promising results for audio synthesis, however, synthesized audio has artifacts and can sound unnatural/mechanical. In the case of speech synthesis, the artifacts can contribute to reduced intelligibility of the generated speech. A new architecture is proposed, TangGAN, that generates audio with less artifacts compared to the current state-of-the-art. This is achieved via the introduction of decimation layers in the discriminator and interpolation layers in the generator of a common GAN architecture to formally address aliasing due to improper sampling. Aliasing occurs in convolutional layers with strides larger than one. To quantify the reduction of artifacts in generated audio three new metrics for evaluating GANs for audio/speech synthesis are introduced: total harmonic distortion (THD), signal-to-noise ratio (SNR), and Speech-To-Reverberation Modulation Energy Ratio (SRMR). New metrics are necessary, given that results in this study indicate that the commonly used Inception score does not capture human listener perception of quality of generated speech. Results presented in this study demonstrate an improved Inception score over the benchmarked WaveGAN architecture as well as reduction of artifacts in generated speech as quantified by THD (up to 2dB), SNR (up to 5 dB), and SRMR. These improvements are achieved in half the training iterations of TangGAN compared to the WaveGAN architecture.;2020;SS: AI with Geographic Information Systems for Social Good  (Merged with SS: Deep Learning and Ontology)(2).  (x7);
194;A Curated Set of Labeled Code Tutorial Images for Deep Learning;deep learning, code tutorials, convolutional neural networks, source code imagery;As more work is conducted in mining software repositories at a large scale, aggregating data from multiple modalities beyond textual representations will prove beneficial. Online video content related to software engineering offers another, thus far largely untapped, venue for source code. In this paper, we present a novel dataset comprised of 111,229 frames extracted from a sample of 100 technology-related YouTube tutorials, taught in the Java and Python programming languages. These videos span a diverse range of Integrated Development Environments (IDEs) and modes of information presentation, lending heterogeneity of image features to our dataset. Hand-labeled for the presence, or lack thereof, of typeset, partially visible typeset, or handwritten code, the dataset provides a uniquely consistent and accurate data source for supervised machine learning ventures in extracting and processing code from images.;2020;SS: AI with Geographic Information Systems for Social Good  (Merged with SS: Deep Learning and Ontology)(2).  (x7);
195;Defending Against Localized Adversarial Attacks on Edge-Deployed Monocular Depth Estimators;adversarial defense, adversarial patch, computer vision, depth estimation, edge device, monocular depth, real-time, scene understanding;Estimation of depth from a single image is an important scene understanding task in computer vision. With the advent of Deep Learning and Convolutional Neural Networks, staggeringly high accuracies have been achieved in this task. With advancements in model optimization, it has been possible to deploy these models on edge devices, allowing for efficient depth estimation in safety-critical applications in robots, rovers, drones and even self-driving vehicles. However, these models are susceptible to attacks from malicious adversaries, which aim to distort the output of the model for a seemingly clean image by adding minute perturbations. In the real-world scenario, the most plausible attack is the adversarial patch, which can be printed and used as a physical adversarial attack against Deep Learning models. In the case of Monocular Depth Estimation, we show that small adversarial patches, which range from 0.7% to 5% of the image size, greatly worsen model performance. It is thus essential that these models are made robust using defense mechanisms, to defend against malicious inputs while also not reducing performance on clean images. Moreover, it is essential that the defense mechanism be computationally efficient, for real-time inference on edge devices. In this work, we propose the first defense mechanism against adversarial patches for a regression network, in the context of Monocular Depth Estimation on an edge device. The defense mechanism adds very little overhead time of 38 milliseconds on a Raspberry Pi 3 Model B, maintaining performance on clean images while also achieving near clean image levels of performance on adversarial inputs.;2020;SS: AI with Geographic Information Systems for Social Good  (Merged with SS: Deep Learning and Ontology)(2).  (x7);
196;Adversarial Patch Defense for Optical Flow Networks in Video Action Recognition;Adversarial Patch, Optical Flow, Video Action Recognition, Adversarial Defenses, Deep Learning, Adversarial Attacks, Computer Vision, Image Processing;Deep neural networks (DNN) are being integrated into production-level systems all over the world. Due to their susceptibility to adversarial attacks that degrade their performance, the robustness of DNN models has become a concern for researchers. Recent developments on physically printable adversarial patches showcase their practical effectiveness in fooling DNNs in real-time. Although research on adversarial robustness was majorly focused on image classifiers, recent works have extended the studies in video classification systems. We demonstrate that attacking optical flow estimators in an action recognition system with a patch of size less than 1% of the resolution is sufficient to significantly degrade the performance of the model. We implement an existing defense called Local Gradient Smoothing (LGS) for such localized patch-based attacks in video classification systems. We further address and tackle the shortcomings of LGS, to develop a method called Inpainting with Laplacian Prior (ILP). It was found that ILP can produce accuracy improvement ranging from 3.7% to 37% over the existing defense mechanism LGS while maintaining the same consistency over different patch sizes and models across multiple datasets.;2020;SS: AI with Geographic Information Systems for Social Good  (Merged with SS: Deep Learning and Ontology)(2).  (x7);
197;GRaDL: A Framework for Animal Genome Sequence Classification with Graph Representations and Deep Learning;Metagenome sequencing, Diagnostics, Graph Representations, Deep Learning;Bovine Respiratory Disease Complex (BRDC) is a complex respiratory disease in cattle with multiple etiologies, including bacterial and viral. It is estimated that mortality, morbidity, therapy, and quarantine resulting from BRDC account for significant losses in the cattle industry. Early detection and management of BRDC are crucial in mitigating economic losses. Current animal disease diagnostics is based on traditional tests such as bacterial culture, serolog, and Polymerase Chain Reaction (PCR) tests. Advancements of data analytics and machine learning are setting trends in several metagenome sequencing applications. In this work, we demonstrate a machine learning approach to identify pathogen signatures present in bovine metagenome sequences using k-mer-based network embedding followed by a deep learning-based classification task. With experiments conducted on two different simulated datasets, we show that networks-based deep learning approaches can detect pathogen signatures with up to 89.7% accuracy. We will make the simulated data used in our experiments available publicly upon request to tackle this important problem with more innovative approaches.;2020;SS: AI with Geographic Information Systems for Social Good  (Merged with SS: Deep Learning and Ontology)(2).  (x7);
198;Towards adversarial robustness with 01 loss neural networks;adversarial attacks, adversarial distortion, 01 loss, stochastic coordinate descent, convolutional neural net-works, deep learning;Motivated by the general robustness properties of the 01 loss we propose a single hidden layer 01 loss neural network trained with stochastic coordinate descent as a defense against adversarial attacks in machine learning. One measure of a model's robustness is the minimum distortion required to make the input adversarial. This can be approximated with the Boundary Attack (Brendel et. al. 2018) and HopSkipJump (Chen et. al. 2019) methods. We compare the minimum distortion of the 01 loss network to the binarized neural network and the standard sigmoid activation network with cross-entropy loss all trained with and without Gaussian noise on the CIFAR10 benchmark binary classification between classes 0 and 1. Both with and without noise training we find our 01 loss network to have the largest adversarial distortion of the three models by non-trivial margins. To further validate these results we subject all models to substitute model black box attacks under different distortion thresholds and find that the 01 loss network is the hardest to attack across all distortions. At a distortion of 0.125 both sigmoid activated cross-entropy loss and binarized networks have almost 0% accuracy on adversarial examples whereas the 01 loss network is at 40%. Even though both 01 loss and the binarized network use sign activations their training algorithms are different which in turn give different solutions for robustness. Finally we compare our network to simple convolutional models under substitute model black box attacks and find their accuracies to be comparable. Our work shows that the 01 loss network has the potential to defend against black box adversarial attacks better than convex loss and binarized networks.;2020;SS: AI with Geographic Information Systems for Social Good  (Merged with SS: Deep Learning and Ontology)(2).  (x7);
199;Enhancing ontology-based home Care Services platform using Bayesian networks;home-based care, e-SAAD, Telemedicine, Semantic Web, ontology, Bayesian networks;During the first generation of home intervention and support, complaints were usually triggered by telephone call. In most situations needs where described orally;2020;SS: AI with Geographic Information Systems for Social Good  (Merged with SS: Deep Learning and Ontology)(2).  (x7);
200;Gene Subset Selection for Transfer Learning using Bilevel Particle Swarm Optimization;Feature selection, Transfer learning, Bilevel programming, Domain adaptation, Particle swarm optimization, Gene expression data;In classification problems that involve multiple sources, data distributions may vary. Therefore, knowledge of dimensions that differ in the source and target data is important to reduce the distance between domains, allowing accurate transfer knowledge. Here, we present a novel method to identify (in)variant genes between source and target datasets and integrate such results to simultaneously reduce the variance between two distributions while optimizing the size and classification error of the selected subset. In particular, we use an evolutionary computation particle swarm optimization algorithm to implement such a bilevel multi-objective programming approach, allowing us to solve a gene subset selection problem.;2020;SS: Machine Learning in Health (2) (Merged with SS: Explainable Machine Learning) (r13);
201;A Study of Deep Learning for Predicting Freeze of Gait in Patients with Parkinson's Disease.;Freeze of gait, Parkinsons disease, deep learning, predicting freeze of gait;Freezing of gait (FOG) is a gait impairment, common in patients with advanced Parkinson's disease. Predicting FOG before its onset enables preemptive cueing that can prevent FOG or reduce its intensity and duration. Deep learning models have recently been proposed to predict FOG. Such models have feature learning capabilities and do not require the use of hand-crafted features. However, some intricacies that are specific to this approach have not been carefully studied. In particular, the implication of the lack of accurately labelled pre-FOG data, which can have a significant impact on model development and evaluation, has not been fully understood.In this work, we discuss the challenges in deep learning for predicting FOG, illustrate the impact of the lack of accurate pre-FOG data on model development and evaluation, and present a more reliable evaluation method that is independent of the labelling of pre-FOG data. Using this new evaluation method, we study the deep learning schemes for FOG prediction by performing extensive experiments on a public domain dataset. The main conclusions of the study include the following: 1) even without accurate pre-FOG data, deep learning techniques can achieve very high FOG prediction performance while not introducing significant false alarms;2020;SS: Machine Learning in Health (2) (Merged with SS: Explainable Machine Learning) (r13);
202;Using internet search trends to forecast short term drug overdose deaths: A case study on Connecticut;Drug overdose, search trends, temporal modeling;In the United States, the opioid epidemic is a serious public health crisis which claimed over 130 lives per day in 2018, according to the CDC. While there are many efforts to design effective interventions to prevent drug related deaths, much of them are focused around better prescribing practices. A promising line of inquiry has focused on utilizing machine learning tools to predict addiction or overdose related hospital admission using prior health record information. However, these are strongly reliant on the private health record information of individuals. Here, we propose using publicly available historic death records along with publicly available internet search trends of drug related search terms to predict the number of overdose deaths in the upcoming week. Our model is able to predict both the number of, and spikes in drug overdose deaths with good accuracy compared to several baselines, demonstrating the utility of search data in forecasting overdose deaths. While we demonstrate this approach as a case study in the State of Connecticut, which collects and publishes overdose data, our findings could encourage other state governments to similarly invest in collection, publication and analysis of such data.;2020;SS: Machine Learning in Health (2) (Merged with SS: Explainable Machine Learning) (r13);
203;Pandemic spread prediction and healthcare preparedness through financial and mobility data;machine learning, visual analysis, COVID-19, social distancing, health, confirmed cases, regression, counter-factual examples;The pandemics like Coronavirus disease 2019 (COVID-19) require Governments and health professionals to make time-sensitive, critical decisions about travel restrictions and resource allocations. This paper identifies various factors that affect the spread of the disease using transaction data and proposes a model to predict the degree of spread of the disease and thus the number of medical resources required in upcoming weeks. We perform a region-wise analysis of these factors to identify the control measures that affect the minimal set of population. Our model also helps in estimating the surges in clinical demand and identifying when the medical resources would be saturated. Using this estimate, we suggest the preventive as well as corrective measures to avoid critical situations.;2020;SS: Machine Learning in Health (2) (Merged with SS: Explainable Machine Learning) (r13);
204;Depression Detection Using Atlas from fMRI Images;Depression detection, MDD, fMRI, Functional connectivity, Atlas-based, LSTM, AAL;Major Depression Disorder (MDD) affects people's life and it is a common disorder worldwide. Finding useful diagnostic biomarkers would help clinicians to diagnosis MDD in its early stages. Having automated methods to find biomarkers for MDD is beneficial although it is challenging. In this paper, we investigate deep learning approaches versus functional connectivity-based approach for MDD classification using resting state fMRI data. To reduce data dimension, we have used Smith atlas. We compare several feature extraction methods. Experiments show promising results with connectivity-based approach. Moreover, applying T-test for finding discriminative features effectively improves the performance.;2020;SS: Machine Learning in Health (2) (Merged with SS: Explainable Machine Learning) (r13);
205;COVID-19 Screening Using Residual Attention Network an Artificial Intelligence Approach;COVID-19 screening, Residual Attention Network, Deep Learning, Machine Learning;Coronavirus Disease 2019 (COVID-19) is caused by severe acute respiratory syndrome coronavirus 2 virus (SARS-CoV-2). The virus transmits rapidly;2020;SS: Machine Learning in Health (2) (Merged with SS: Explainable Machine Learning) (r13);
206;Automated Semantic Segmentation of Cardiac Magnetic Resonance Images with Deep Learning;cardiac magnetic resonance (CMR) imaging, semantic segmentation, deep learning, U-Net, Fully Convolutional Network;Machine learning algorithms, especially deep learning architectures, have demonstrated immense potential for biomedical segmentation, often surpassing expert-level performance. For cardiac magnetic resonance (CMR) imaging, semantic segmentation is critical to deriving clinical measures such as myocardial mass and volume. However, challenges still exist. Manual delineation by domain experts is time-consuming and subject to human errors. With semi-automated segmentation techniques, it is challenging to analyze images of the same subject twice, end-diastole and end-systole of the cardiac cycle. To address these challenges, we propose a deep learning-based end-to-end analytical pipeline for automated segmentation of short-axis CMR imaging. The automated pipeline successfully avoids the problem of human subjectivity and achieves expert-level segmentation accuracy. With a large heterogeneous data inclusive of subjects with varying conditions, our model overcomes the data-homogeneity and achieves 99.9% dice similarity score, which outperforms the current state-of-art work.;2020;SS: Machine Learning in Health (2) (Merged with SS: Explainable Machine Learning) (r13);
207;End-to-End Deep Learning for Reliable Cardiac Activity Monitoring using Seismocardiograms;Seismocardiography, Deep Learning, sig2sig, Electrocardiography, cardiac monitoring, ML for Health;Continuous monitoring of cardiac activity is paramount to understanding the functioning of the heart in addition to identifying precursors to conditions such as Atrial Fibrillation. Through continuous cardiac monitoring, early indications of any potential disorder can be detected before the actual event, allowing timely preventive measures to be taken. Electrocardiography (ECG) is an established standard for monitoring the function of the heart for clinical and non-clinical applications, but its electrode-based implementation makes it cumbersome, especially for uninterrupted monitoring. Hence we propose SeismoNet, a Deep Convolutional Neural Network which aims to provide an end-to-end solution to robustly observe heart activity from Seismocardiogram (SCG) signals. These SCG signals are motion-based and can be acquired in an easy, user-friendly fashion. Furthermore, the use of deep learning enables the detection of R-peaks directly from SCG signals in spite of their noise-ridden morphology and obviates the need for extracting hand-crafted features. SeismoNet was modelled on the publicly available CEBS dataset and achieved a high overall Sensitivity and Positive Predictive Value of 0.98 and 0.98 respectively.;2020;SS: Machine Learning in Health (2) (Merged with SS: Explainable Machine Learning) (r13);
208;Two-stage and dual-decoder convolutional U-Net ensembles for reliable vessel and plaque segmentation in carotid ultrasound images;vessel segmentation, plaque segmentation, convolutional U-Net, dual decoder, medical AI;Carotid ultrasound is a screening modality used by physicians to direct treatment in the prevention of ischemic stroke in high-risk patients. It is a time intensive process that requires highly trained technicians and physicians. Evaluation of a carotid ultrasound requires segmentation of the vessel wall, lumen, and plaque of the carotid artery. Convolutional neural networks are state of the art in image segmentation yet there are no previous methods to solve this problem on carotid ultrasounds. We introduce two novel convolutional U-net models for both vessel and plaque from ultrasound images of the entire carotid system. We obtained de-identified images under IRB approval from 226 patients. We isolated a total of 500 ultrasound images spanning the internal, external, and common carotid arteries. We manually segmented the vessel lumen and plaque in each image that we then use as ground truth. In 10-fold cross-validation all models attain over 90% accuracy for vessel segmentation. With a basic convolutional U-Net we obtained an accuracy of 66.8% for plaque segmentation. With our dual-decoder model we see an improvement to 68.8% whereas our two-stage model falls behind at 65.1% accuracy. However, if we gave our two-stage model the true correct vessel as input its plaque accuracy rises to 81.7% suggesting that the method has potential and needs more work. We ensemble our U-Net and dual decoder U-Net models to obtain confidence scores for segmentations. By considering high confidence outputs above the 60% and 80% thresholds the accuracy of our dual decoder U-Net rises to 75.2% and 87.3% respectively. Our work here shows the potential of dual and two-stage methods for vessel and plaque segmentation in carotid artery ultrasound images and is an important first step in creating a system that can independently evaluate carotid ultrasounds.;2020;SS: Machine Learning in Health (2) (Merged with SS: Explainable Machine Learning) (r13);
209;ARC-Net: Activity Recognition Through Capsules;Activity recognition, capsule network, interpretable artificial intelligence, multimodal fusion;Human Activity Recognition (HAR) is a crucial factor in assisted living systems and elderly care solutions where the activity of the subject can be used to ensure the safety of the elderly and provide more efficient services. HAR is a challenging problem that needs advanced solutions than using handcrafted features to achieve a desirable performance. Deep learning has been proposed as a solution to obtain more accurate HAR systems being robust against noise. In this paper, we introduce ARC-Net and propose the utilization of capsules to fuse the information from multiple inertial measurement units (IMUs) to predict the activity performed by the subject. We hypothesize that this network will be able to tune out the unnecessary information and will be able to make more accurate decisions through the iterative mechanism embedded in capsule networks. We provide heatmaps of the priors, learned by the network, to visualize the utilization of each of the data sources by the trained network. Then, gradient based interpretations are provided and further discussed. By using the proposed network, we were able to increase the accuracy of the state-of-the-art approaches by 2%. Furthermore, we investigate the directionality of the confusion matrices of our results and discuss the specificity of the activities based on the provided data.;2020;SS: Machine Learning in Health (2) (Merged with SS: Explainable Machine Learning) (r13);
210;A Power-aware Approach for Smart Health Monitoring and Decision Support;IoT, Smart Health, Machine Learning, Power Management;Internet of Things (IoT) based smart health and wellness systems are increasingly gaining popularity for the next generation of medical services. Systems of medical devices that communicate seamlessly integrated and securely can improve patient outcomes, reduce medical errors, lower costs and overcome the existing medical systems limitations. While these innovative medical systems are emerging, they also bring new challenges as data protection and power management. This paper proposes an IoT architecture that allows to collect and analyze huge volumes of heterogeneous clinical data in order to monitor health status of patients and improve clinical decision support, by tackling the energy shortage challenge. The key feature of the proposed approach is a power-aware strategy based on energy load balancing in order to keep on the greatest number of power operated devices involved in the computational tasks. The paper presents a case study of power-aware smart health monitoring exploiting different types of data mining techniques. The experimental results show the effectiveness of the approach able to achieve energy savings by means of the proposed power-aware strategy.;2020;SS: Machine Learning in Health (2) (Merged with SS: Explainable Machine Learning) (r13);
211;Multiple Instance Learning approaches for Melanoma and Dysplastic Nevi images classification;Image Classification, Melanoma Detection, Multiple Instance Learning;Malignant melanoma is responsible for the highest number of deaths related to skin lesions. The similarities of melanoma with other skin lesions such as dysplastic nevi, however, constitute a pitfall for early diagnosis. The research community is committed to proposing software solutions that favor the computerized analysis of lesions for melanoma detection. Existing methods have typically focused on the dichotomous distinction of melanoma from benign lesions. Currently, there is debate about Dysplastic Nevi Syndrome (DNS), or rather about the number of moles present on the human body as potential melanoma risk factors. Distinguishing dysplastic nevi from common ones is a challenging yet mostly unexplored classification problem. The classification phase is particularly delicate: over time, a series of automatic learning algorithms have been proposed to better face this issue. In this paper, we refer to the emergencing role of Multiple Instance Learning approaches for discriminating melanoma from dysplastic nevi and to outline the even more complex challenge related to the classification of dysplastic nevi from common ones.;2020;SS: Machine Learning in Health (2) (Merged with SS: Explainable Machine Learning) (r13);
212;Improving Explainability of Image Classification in Scenarios with Class Overlap: Application to COVID-19 and Pneumonia;explainability, trust in AI, class overlap, COVID-19, data-starved, deep learning, object localization;Trust in predictions made by machine learning models is increased if the model generalizes well on previously unseen samples and when inference is accompanied by cogent explanations of the reasoning behind predictions. In the image classification domain, generalization can be assessed through accuracy, sensitivity, and specificity. Explainability can be assessed by how well the model localizes the object of interest within an image. However, both generalization and explainability through localization are degraded in scenarios with significant overlap between classes. We propose a method based on binary expert networks that enhances the explainability of image classifications through better localization by mitigating the model uncertainty induced by class overlap. Our technique performs discriminative localization on images that contain features with significant class overlap, without explicitly training for localization. Our method is particularly promising in real-world class overlap scenarios, such as COVID-19 and pneumonia, where expertly labeled data for localization is not readily available. This can be useful for early, rapid, and trustworthy screening for COVID-19.;2020;SS: Machine Learning in Health (2) (Merged with SS: Explainable Machine Learning) (r13);
213;Multi-class segmentation of Diabetic Retinopathy lesions: effects of metrics, improvements and loss;Deep Learning, image processing, medical imaging, diabetic retinopathy;Deep Learning (DL) is increasingly used in every medical imaging segmentation task with great results in terms of illness detection, but precise segmentation of lesions areas and contours from eye fundus images (EFI) is more challenging than the more common detection of whether there are lesions in images, for referral, or classification of lesion given a small window. We investigate the difficulties and how the choice of architecture, loss function and data augmentation can improve the quality segmenting precisely small and difficult to detect lesions, achieving results. Our best IoU scores were, for different classes, (BK:98%, MA: 16%, HA:28%, HE:61%, SE:51%, OD:91%). These results and discussion also show that research is still required to improve results further.;2020;SS: Deep Learning (Merged with SS: Machine Learning in Software Engineering – Beyond Text) (v21);
214;Car Detection Based Algorithm For Automatic Parking Space Detection;CNN, Smart Parking Systems, Artificial Intelligence, Computer Vision, Machine Learning;In this paper, we present an object detection based algorithm to automatically map the parking spaces in a parking lot, instead of manually mapping them. The work addresses an important gap in the recent computer vision based artificial intelligence techniques to build smart parking systems. We test our approach with two of the most popular object detectors, Faster R-CNN and YOLOv4. Our results show that our approach decreases the human effort needed by up to a compelling 90%. We show that the percentage of the available parking spots that are automatically detected through our approach accumulates over time and, in theory, can approach a 100%, on a day when all the parking spots are fully occupied. In other words, the approach is designed to have its highest performance over a busy parking lot during the busiest time.;2020;SS: Deep Learning (Merged with SS: Machine Learning in Software Engineering – Beyond Text) (v21);
215;Enabling Rewards for Reinforcement Learning in Laser Beam Welding processes through Deep Learning;deep learning, reinforcement learning, quality inspection, laser welding;Self-optimizing robots and machines in future factories are an exciting next step towards an ever more efficient industry. To achieve this goal, robots used in production must gain an understanding of the quality of their behavior. Machine learning can help us move closer to this goal. In this paper, we provide insights on the feasibility of self-optimized laser welding robots and show how accurate quality analysis based on deep learning and smart computer vision algorithms provide a reliable input for quality evaluation and ultimately a scoring function. Furthermore, the suggested scoring function can capture the defining properties of a weld. In turn, the score can be used as feedback to define a reward for a reinforcement learning agent's action, which then optimizes the robot's behavior accordingly. Our experiments show that we can achieve very good accuracy and consistency when evaluating the quality of the weld with deep learning and statistical modeling. Finally, we provide a production-oriented learning architecture that considers the scoring component in a reinforcement learning pipeline.;2020;SS: Deep Learning (Merged with SS: Machine Learning in Software Engineering – Beyond Text) (v21);
216;A New Clustering-Based Technique for the Acceleration of Deep Convolutional Networks;Deep Convolutional Networks, Model Compression and Acceleration, Dictionary Learning, Weight Sharing;Deep learning and especially the use of Deep Neural Networks (DNNs) provides impressive results in various regression and classification tasks. However, to achieve these results, there is a high demand for computing and storing resources. This becomes problematic when, for instance, real-time, mobile applications are considered, in which the involved (embedded) devices have limited resources. A common way of addressing this problem is to transform the original large pre-trained networks into new smaller models, by utilizing Model Compression and Acceleration (MCA) techniques. Within the MCA framework, we propose a clustering-based approach that is able to increase the number of employed centroids/representatives, while at the same time, have an acceleration gain compared to conventional, k-means based approaches. This is achieved by imposing a special structure to the employed representatives, which is enabled by the particularities of the problem at hand. Moreover, the theoretical acceleration gains are presented and the key system hyper-parameters that affect that gain, are identified. Extensive evaluation studies carried out using various state-of-the-art DNN models trained in image classification, validate the superiority of the proposed method as compared for its use in MCA tasks.;2020;SS: Deep Learning (Merged with SS: Machine Learning in Software Engineering – Beyond Text) (v21);
217;SAFL: A Self-Attention Scene Text Recognizer with Focal Loss;Scene Text Recognition, Self-attention, Focal loss;In the last decades, scene text recognition has gained worldwide attention from both the academic community and actual users due to its importance in a wide range of applications. Despite achievements in optical character recognition, scene text recognition remains challenging due to inherent problems such as distortions or irregular layout. Most of the existing approaches mainly leverage recurrence or convolution-based neural networks. However, while recurrent neural networks (RNNs) usually suffer from slow training speed due to sequential computation and encounter problems as vanishing gradient or bottleneck, CNN endures a trade-off between complexity and performance. In this paper, we introduce SAFL, a self-attention-based neural network model with the focal loss for scene text recognition, to overcome the limitation of the existing approaches. The use of focal loss instead of negative log-likelihood helps the model focus more on low-frequency samples training. Moreover, to deal with the distortions and irregular texts, we exploit Spatial TransformerNetwork (STN) to rectify text before passing to the recognition network. We perform experiments to compare the performance of the proposed model with seven benchmarks. The numerical results show that our model achieves the best performance.;2020;SS: Deep Learning (Merged with SS: Machine Learning in Software Engineering – Beyond Text) (v21);
218;Enhancing Piano Transcription by Dilated Convolution;automatic music transcription (AMT), pitch detection, dilated convolution;When detecting music pitch with deep learning, the most challenging issue is how to aggregate the multi-scale frequency information scattered in the spectrogram of a music signal. Traditionally, this aggregation was achieved via strided pooling and fully connected operations, or domain-specific sparse convolutions. In this paper we propose to use more general-purpose dilated convolution to this end. In particular, first we design a dilated convolutional acoustic model for piano pitch detection. This model leads existing acoustic models by large margins. Based on this model, we then design an automatic music transcription (AMT) system. When trained and tested on the MAPS dataset, this system outperforms existing AMT systems again by large margins. When trained and tested on the MAESTRO dataset, this system performs equally well as a state- of-the-art system, but has much better generalization capability.;2020;SS: Deep Learning (Merged with SS: Machine Learning in Software Engineering – Beyond Text) (v21);
219;Radar Trajectory-based Air-Writing Recognition using Temporal Convolutional Network;Human-Machine Interface, Character Recognition, Air-Writing, Temporal Convolutional Network;Air-writing systems offer users a virtual board to write characters or words in free space using fingers or hand movements. Several works have been proposed in literature that aim to use different sensors to enable such a system as an alternative to the keyboard and click form of human-machine interfaces. The advancement of miniature radar sensors and deep learning has enabled precise estimation and tracking of finger or marker movement followed by character recognition to offer an effective air-writing solution. However, deviating from earlier works in literature that make use of a network of radars to effectively track and recognize characters, in this paper, we propose to use only one or two radars to sense the local hand trajectory. We propose to use 1D temporal convolutional network (TCN) for simultaneous feature extraction and temporal modeling to recognize the drawn character from the local target trajectory. A dataset with 3750 character instances has been recorded using a 60-GHz millimeter-wave frequency-modulated continuous wave radar (FMCW) radar. We demonstrate the proposed end to end solution achieves a mean accuracy of 99.11% and 91.33% for two radar and one radar-based solution respectively outperforming other deep architectures.;2020;SS: Deep Learning (Merged with SS: Machine Learning in Software Engineering – Beyond Text) (v21);
220;On the transferability of adversarial examples between convex and 01 loss models;adversarial attacks, transferability of adversarial examples, 01 loss, stochastic coordinate descent, convolutional neural networks, deep learning;The 01 loss gives different and more accurate boundaries than convex loss models in the presence of outliers. Could the difference of boundaries translate to adversarial examples that are non-transferable between 01 loss and convex models? We explore this empirically in this paper by studying transferability of adversarial examples between linear 01 loss and convex (hinge) loss models, and between dual layer neural networks with sign activation and 01 loss vs sigmoid activation and logistic loss. We first show that white box adversarial examples do not transfer effectively between convex and 01 loss and between 01 loss models compared to between convex models. As a result of this non-transferability we see that convex substitute model black box attacks are less effective on 01 loss than convex models. Interestingly we also see that 01 loss substitute model attacks are ineffective on both convex and 01 loss models mostly likely due to the non-uniqueness of 01 loss models. We show intuitively by example how the presence of outliers can cause different decision boundaries between 01 and convex loss models which in turn produces adversaries that are non-transferable. Indeed we see on MNIST that adversaries transfer between 01 loss and convex models more easily than on CIFAR10 and ImageNet which are likely to contain outliers. We show intuitively by example how the non-continuity of 01 loss makes adversaries non-transferable in a dual layer neural network. We discretize CIFAR10 features to be more like MNIST and find that it does not improve transferability, thus suggesting that different boundaries due to outliers are more likely the cause of non-transferability. As a result of this non-transferability we show that our dual layer sign activation network with 01 loss can attain robustness on par with simple convolutional networks.;2020;SS: Deep Learning (Merged with SS: Machine Learning in Software Engineering – Beyond Text) (v21);
221;TSV Extrusion Morphology Classification Using Deep Convolutional Neural Networks;3D Integrated Circuits, Convolutional Neural Network (CNN), Data Augmentation, Deep Learning, Extrusion Morphology, Through-Silicon Via (TSV);In this paper, we utilize deep convolutional neural networks (CNNs) to classify the morphology of through-silicon via (TSV) extrusion in three dimensional (3D) integrated circuits (ICs). TSV extrusion is a crucial reliability concern which can deform and crack interconnect layers in 3D ICs and cause device failures. Herein, the white light interferometry (WLI) technique is used to obtain the surface profile of the extruded TSVs. We have developed a program that uses raw data obtained from WLI to create a TSV extrusion morphology dataset, including TSV images with 54 Ã 54 pixels that are labeled and categorized into three morphology classes. Four CNN architectures with different network complexities are implemented and trained for TSV extrusion morphology classification application. Data augmentation and dropout approaches are utilized to realize a balance between overfitting and underfitting in the CNN models. Results obtained show that the CNN model with optimized complexity, dropout, and data augmentation can achieve a classification accuracy comparable to that of a human expert.;2020;SS: Deep Learning (Merged with SS: Machine Learning in Software Engineering – Beyond Text) (v21);
222;A Comparative Study of Deep Learning-based RGB-depth Fusion Methods for Object Detection;Object detection, multi-sensor fusion, convolutional neural networks, depth estimation, autonomous vehicles;The object detection task which attempts to predict bounding boxes of all interest objects in an RGB image is of paramount importance for many real-world applications and has attracted much attention within the computer vision community. However, RBG cameras cannot directly provide depth information and RGB-based object detector can not achieve an accurate performance under complex environment. To address this problem, we make two contributions in this paper. Firstly, the performances of four state-of-the art unsupervised depth estimation methods were thoroughly evaluated in the context of object detection, which can serve as a baseline for other researchers to develop even more sophisticated methods. Secondly, we investigated whether fusing depth information and RGB can improve the performance of object detection networks. The obtained results on the KITTI dataset show that RGB-depth fusion approach with MonoDepth as depth estimation method outperforms the RGB-based and depth-based detectors.;2020;SS: Deep Learning (Merged with SS: Machine Learning in Software Engineering – Beyond Text) (v21);
223;CONVJSSP: Convolutional Learning for Job-Shop Scheduling Problems;Deep Learning, Convolutional Neural Networks, Constraint Programming, Job-Shop Scheduling Problem;The Job-Shop Scheduling Problem (JSSP) is a well-known optimization problem with plenty of existing solutions. Although remarkable progress has been made in addressing the problem, most of the solutions require input from human experts. Deep Learning techniques, on the other hand, have proven successful in acquiring knowledge from data without using step-by-step instructions from humans. In this work, we propose a novel solution, called ConvJSSP, by applying Deep Learning to speed up the solving process of JSSPs and to reduce the need for human involvement. In ConvJSSP, we train a Convolutional Neural Network model for predicting the optimal makespan of JSSPs, and use the predicted makespan to accelerate the JSSP solving schema. Through the experiments, we compare several JSSP solving methods based on ConvJSSP approach with a state-of-the-art solution as a baseline, and show that ConvJSSP speeds up the problem solving up to 9% compared to the baseline method.;2020;SS: Deep Learning (Merged with SS: Machine Learning in Software Engineering – Beyond Text) (v21);
224;MarioDAgger: A Time and Space Efficient Autonomous Driver;Imitation Learning, DAgger, SafeDAgger, Catastrophic Forgetting, Elastic Weight Consolidation, Continual Learning;Imitation learning is a promising approach for training autonomous vehicles, where a set of state-action pairs from human demonstrated driving is used as training data in a supervised learning manner. Dataset Aggregation (DAgger) is a common imitation learning algorithm, in which models are trained by iteratively collecting new data, aggregating it with old data, and retraining the model on the entire collected dataset. Data aggregation and retraining, however, lead to two main problems: (i) large memory consumption, and (ii) long training time. In this work, we present a fast and memory-efficient algorithm, called MarioDAgger, that improves DAgger by resolving the aforementioned problems. Unlike DAgger that requires a collection of old and new data to train the models, MarioDAgger uses only the new data and a few samples from the old data stored in a rehearsal buffer, which is updated iteratively using reservoir sampling. To prevent forgetting old knowledge, MarioDAgger uses a recent regularization tech-nique Elastic Weight Consolidation. We evaluate and compare MarioDAgger with SafeDAgger, a recent variant of DAgger that MarioDAgger builds upon, in the context of autonomous vehicles, and show that MarioDAgger achieves the same performance as SafeDAgger in half as many iterations, using significantly less memory space.;2020;SS: Deep Learning (Merged with SS: Machine Learning in Software Engineering – Beyond Text) (v21);
225;Effective Big Data Caching through Reinforcement Learning;cache, optimization, intelligent system, big data, data science workflow, reinforcement learning, addition policy, eviction policy;In the era of big data, data volumes continue to grow in several different domains, from business to scientific fields. Sensors, edge devices, scientific applications and detectors generate huge amounts of data that are distributed for their nature. In order to extract value from such data requires a typical pipeline made of two main steps: first, the processing and then the data access. One of the main features for data access is fast response time, whose order of magnitude can vary a lot depending on the specific type of processing as well as processing patterns. The optimization of the access layer becomes more and more important while dealing with a geographically distributed environment where data must be retrieved from remote servers of a data lake. From the infrastructural perspectives, caching systems are used to mitigate latency and to serve better popular data. Thus, the role of the cache becomes a key to have an effective and efficient data access. In this article, we propose a Reinforcement Learning approach, using the Q-Learning technique, to improve the performances of a cache system in terms of data management. The proposed method uses two agents with different objectives and actions to control the addition and the eviction of files in the cache. The aim of this system is to increase the throughput reducing, at the same time, the cache costs, such as the amount of data written, and network utilization. Moreover, we tested our method in a context of data analysis, with information taken from High Energy Physics (HEP) workflow.;2020;SS: Deep Learning (Merged with SS: Machine Learning in Software Engineering – Beyond Text) (v21);
226;The Importance of Local Labels Distribution and Dominance for Node Classification in Graph Neural Networks;Graph Neural Networks, Semi-supervised Learning, Node classification, Transductive learning, Inductive learning;Relational datasets extracted from citation networks, recommender systems, and social networks among others open up a new application domain of Artificial Intelligence (AI) over graph-structured data. However, the irregular structure of graph data hinders the direct application of traditional Deep Learning algorithms such as Convolutional Neural Networks (CNNs). Various Machine Learning algorithms attempt to embed graphs in regular low dimensional space to benefit from existing AI tools. In this work, we propose a comprehensive comparison between state-of-the-art Graph Neural Networks models (GNNs) which defines node embeddings by mimicking convolution on graphs following a recursive neighboring-aggregation schema. For node classification tasks, we prove that the GNN variants which capture local labels' distribution and dominance are more likely to generate effective node representation vectors. We demonstrate that the GNN variant Graph Isomorphism Networks which proved powerful on graph classification tasks, fails to preserve its efficiency when it comes to node classification, because it gives more attention to the structural information in the graph.;2020;SS: Machine Learning on Graphs (u4);
227;DAT-RNN: Trajectory Prediction with Diverse Attention;Recurrent neural network, deep learning, spatial-temporal graph, trajectory prediction;Trajectory prediction, an emerging application of spatial-temporal graph, is extremely critical in dynamic applications such as autonomous vehicles and robots. However, the diversity of trajectories and the modeling of mutual relations make it difficult to predict trajectories precisely and efficiently. In this work, we propose a novel approach, diverse attention RNN (DAT-RNN), to handle the diversity of trajectories and the accurate modeling of neighboring relations with two novel and well-designed modules: DAT-RNN first uses a diversity-aware memory (DAM) module, which is based on the detour integral of each individual, to capture the temporal behavior of each person;2020;SS: Machine Learning on Graphs (u4);
228;Quantifying Challenges in the Application of Graph Representation Learning;;"Graph Representation Learning has experienced significant progress as a means to extract structural information in a meaningful way for subsequent learning tasks. Current approaches including shallow embeddings and Graph Neural Networks have mostly been tested with node classification and link prediction tasks. In this work, we provide an application oriented perspective to a set of popular embedding approaches and evaluate their representational power with respect to real-world graph properties. We implement an extensive empirical data-driven framework to challenge existing norms regarding the expressive power of embedding approaches in graphs with varying patterns along with a theoretical analysis of the limitations we discovered in this process. Our results suggest that ""one-to-fit-all"" GRL approaches are hard to define in real-world scenarios and as new methods are being introduced they should be explicit about their ability to capture graph properties and their applicability in datasets with non-trivial structural differences.";2020;SS: Machine Learning on Graphs (u4);
229;Road Accident Proneness Indicator Based On Time, Weather And Location Specificity Using Graph Neural Networks;Graph Neural Network, Machine Learning, Safety Index, Principal Component Analysis, Road accident indicator, Time, Weather, Location;In this paper, we present a novel approach to identify the Spatio-temporal and environmental features that influence the safety of a road, and predict its accident proneness based on these features. A total of 14 features were compiled based on Time, Weather and Location (TWL) specificity along a road. To determine the influence each of the 14 features carries, a sensitivity study was performed using Principal Component Analysis. Using the locations of accident warnings, a Safety Index was developed to quantify how accident-prone a particular road is. We implement a novel approach to predict the Safety Index of a road- based on its TWL specificity by using a Graph Neural Network (GNN) architecture. The proposed architecture is uniquely suited for this application due to its ability to capture the complexities of the inherent nonlinear interlinking in a vast feature space. We employed a GNN to emulate the TWL feature vectors as individual nodes which were interlinked vis-Ã -vis edges of a graph. This model was verified to perform better than Logistic Regression, simple Feed- Forward Neural Networks, and even Long Short Term Memory (LSTM) Neural Networks. We validated our approach on a data set containing the alert locations along the routes of inter-state buses. The results achieved through this GNN architecture, using a TWL input feature space proved to be more feasible than the other predictive models, having reached a peak accuracy of 65%.;2020;SS: Machine Learning on Graphs (u4);
230;Graph Neural Networks for Model Recommendation using Time Series Data;Graph Neural Network, Model Recommendation, Time Series;Time series prediction aims to predict future values to help stakeholders make proper strategic decisions. This problem is relevant in all industries and areas, ranging from financial data to demand to forecast. However, it remains challenging for practitioners to select the appropriate model to use for forecasting tasks. With this in mind, we present a model architecture based on Graph Neural Networks to provide model recommendations for time series forecasting. We validate our approach on three relevant datasets and compare it against more than sixteen techniques. Our study shows that the proposed method performs better than target baselines and state of the art, including meta-learning. The results show the relevancy and suitability of GNN as methods for model recommendations in time series forecasting.;2020;Miscellanea 2 (c12);
